date,gw_lag1,Mean_soil_temperature(Â°F),Mean_soil_moisture(m^3/m^3),evap_lag30,precip_7d
1/1/2026,9.39318181818182,44.8,0.291,,0.9950000000000084
1/1/2026,,44.8,0.291,,0.8220000000000071
1/1/2026,,44.8,0.291,,0.6490000000000056
1/1/2026,,44.7,0.291,,0.4680000000000042
1/1/2026,,44.7,0.291,,0.2280000000000028
1/1/2026,,44.7,0.291,,0.1180000000000014
1/1/2026,,44.7,0.291,,0.0
1/1/2026,,44.6,0.291,,0.0
1/1/2026,,44.6,0.291,,0.0
1/1/2026,,44.6,0.291,,0.0
1/1/2026,,44.6,0.291,,0.0
1/1/2026,,44.6,0.291,,0.0
1/1/2026,,44.5,0.29,,0.0
1/1/2026,,44.5,0.29,,0.0
1/1/2026,,44.5,0.29,,0.0
1/1/2026,,44.5,0.29,,0.0
1/1/2026,,44.5,0.29,,0.0
1/1/2026,,44.5,0.29,,0.0
1/1/2026,,44.5,0.29,,0.0
1/1/2026,,44.4,0.29,,0.0
1/1/2026,,44.4,0.29,,0.0
1/1/2026,,44.4,0.29,,0.0
1/1/2026,,44.4,0.29,,0.0
1/1/2026,,44.4,0.29,,0.0
1/2/2026,,44.3,0.29,,0.0
1/2/2026,,44.3,0.29,,0.0
1/2/2026,,44.3,0.29,,0.0
1/2/2026,,44.2,0.29,,0.0
1/2/2026,,44.2,0.29,,0.0
1/2/2026,,44.2,0.29,,0.0
1/2/2026,,44.2,0.29,0.064,0.0
1/2/2026,,44.2,0.29,0.064,0.0
1/2/2026,,44.1,0.29,0.064,0.0
1/2/2026,,44.1,0.29,0.064,0.0
1/2/2026,,44.0,0.29,0.064,0.0
1/2/2026,,44.0,0.29,0.064,0.0
1/2/2026,,43.9,0.29,0.064,0.0
1/2/2026,,43.9,0.29,0.064,0.0
1/2/2026,,43.9,0.29,0.064,0.0
1/2/2026,,43.8,0.29,0.064,0.0
1/2/2026,,43.8,0.29,0.064,0.0
1/2/2026,,43.8,0.29,0.064,0.0
1/2/2026,,43.8,0.29,0.064,0.0
1/2/2026,,43.7,0.29,0.064,0.0
1/2/2026,,43.7,0.29,0.064,0.0
1/2/2026,,43.7,0.29,0.064,0.0
1/2/2026,,43.7,0.29,0.064,0.0
1/2/2026,,43.6,0.29,0.064,0.0
1/3/2026,,43.6,0.29,0.064,0.0
1/3/2026,,43.6,0.29,0.064,0.0
1/3/2026,,43.6,0.29,0.064,0.0
1/3/2026,,43.5,0.29,0.064,0.0
1/3/2026,,43.5,0.29,0.064,0.0
1/3/2026,,43.5,0.29,0.064,0.0
1/3/2026,,43.4,0.29,0.042,0.0
1/3/2026,,43.4,0.29,0.042,0.0
1/3/2026,,43.4,0.29,0.042,0.0
1/3/2026,,43.3,0.29,0.042,0.0
1/3/2026,,43.3,0.29,0.042,0.0
1/3/2026,,43.3,0.29,0.042,0.0
1/3/2026,,43.3,0.29,0.042,0.0
1/3/2026,,43.3,0.29,0.042,0.0
1/3/2026,,43.2,0.29,0.042,0.0
1/3/2026,,43.2,0.29,0.042,0.0
1/3/2026,,43.2,0.29,0.042,0.0
1/3/2026,,43.1,0.29,0.042,0.0
1/3/2026,,43.1,0.29,0.042,0.0
1/3/2026,,43.1,0.29,0.042,0.0
1/3/2026,,43.1,0.29,0.042,0.0
1/3/2026,,43.0,0.29,0.042,0.0
1/3/2026,,43.0,0.29,0.042,0.0
1/3/2026,,43.0,0.29,0.042,0.0
1/4/2026,,43.0,0.29,0.042,0.0
1/4/2026,,42.9,0.29,0.042,0.0
1/4/2026,,42.9,0.29,0.042,0.0
1/4/2026,,42.9,0.29,0.042,0.0
1/4/2026,,42.8,0.29,0.042,0.0
1/4/2026,,42.8,0.29,0.042,0.0
1/4/2026,,42.8,0.29,0.033,0.0
1/4/2026,,42.7,0.29,0.033,0.0
1/4/2026,,42.7,0.29,0.033,0.0
1/4/2026,,42.7,0.289,0.033,0.0
1/4/2026,,42.7,0.289,0.033,0.0
1/4/2026,,42.6,0.289,0.033,0.0
1/4/2026,,42.6,0.289,0.033,0.0
1/4/2026,,42.6,0.289,0.033,0.0
1/4/2026,,42.6,0.289,0.033,0.0
1/4/2026,,42.5,0.289,0.033,0.0
1/4/2026,,42.5,0.289,0.033,0.0
1/4/2026,,42.5,0.289,0.033,0.0
1/4/2026,,42.5,0.289,0.033,0.0
1/4/2026,,42.5,0.289,0.033,0.0
1/4/2026,,42.5,0.289,0.033,0.0
1/4/2026,,42.5,0.289,0.033,0.0
1/4/2026,,42.5,0.289,0.033,0.0
1/4/2026,,42.4,0.289,0.033,0.0
1/5/2026,,42.4,0.289,0.033,0.0
1/5/2026,,42.4,0.289,0.033,0.0
1/5/2026,,42.4,0.289,0.033,0.0
1/5/2026,,42.4,0.289,0.033,0.0
1/5/2026,,42.4,0.289,0.033,0.0
1/5/2026,,42.4,0.289,0.033,0.0
1/5/2026,,42.4,0.289,0.051,0.0
1/5/2026,,42.4,0.289,0.051,0.0
1/5/2026,,42.4,0.289,0.051,0.0
1/5/2026,,42.4,0.289,0.051,0.0
1/5/2026,,42.3,0.289,0.051,0.0
1/5/2026,,42.3,0.289,0.051,0.0
1/5/2026,,42.3,0.289,0.051,0.0
1/5/2026,,42.3,0.289,0.051,0.0
1/5/2026,,42.2,0.289,0.051,0.0
1/5/2026,,42.2,0.288,0.051,0.0
1/5/2026,,42.2,0.288,0.051,0.0
1/5/2026,,42.2,0.288,0.051,0.0
1/5/2026,,42.2,0.288,0.051,0.0
1/5/2026,,42.1,0.288,0.051,0.0
1/5/2026,,42.1,0.288,0.051,0.0
1/5/2026,,42.1,0.288,0.051,0.0
1/5/2026,,42.1,0.288,0.051,0.0
1/5/2026,,42.0,0.288,0.051,0.0
1/6/2026,,42.0,0.288,0.051,0.0
1/6/2026,,42.0,0.288,0.051,0.0
1/6/2026,,42.0,0.288,0.051,0.0
1/6/2026,,42.0,0.288,0.051,0.0
1/6/2026,,41.9,0.288,0.051,0.0
1/6/2026,,41.9,0.288,0.051,0.0
1/6/2026,,41.9,0.288,0.046,0.0
1/6/2026,,41.9,0.288,0.046,0.0
1/6/2026,,41.9,0.288,0.046,0.0
1/6/2026,,41.9,0.288,0.046,0.0
1/6/2026,,41.9,0.288,0.046,0.0
1/6/2026,,41.9,0.288,0.046,0.0
1/6/2026,,41.9,0.288,0.046,0.0
1/6/2026,,41.9,0.288,0.046,0.0
1/6/2026,,41.9,0.288,0.046,0.0
1/6/2026,,41.9,0.288,0.046,0.0
1/6/2026,,41.9,0.288,0.046,0.0
1/6/2026,,41.9,0.288,0.046,0.0
1/6/2026,,42.0,0.288,0.046,0.0
1/6/2026,,42.0,0.289,0.046,0.0
1/6/2026,,42.0,0.289,0.046,0.0
1/6/2026,,42.0,0.289,0.046,0.0
1/6/2026,,42.1,0.289,0.046,0.0
1/6/2026,,42.1,0.289,0.046,0.0
1/7/2026,,42.1,0.288,0.046,0.0
1/7/2026,,42.2,0.288,0.046,0.0
1/7/2026,,42.2,0.288,0.046,0.0
1/7/2026,,42.2,0.288,0.046,0.0
1/7/2026,,42.3,0.288,0.046,0.0
1/7/2026,,42.3,0.288,0.046,0.0
1/7/2026,,42.3,0.288,0.044,0.0
1/7/2026,,42.4,0.288,0.044,0.0
1/7/2026,,42.4,0.288,0.044,0.0
1/7/2026,,42.4,0.288,0.044,0.0
1/7/2026,,42.4,0.288,0.044,0.0
1/7/2026,,42.4,0.288,0.044,0.0
1/7/2026,,42.4,0.288,0.044,0.0
1/7/2026,,42.5,0.288,0.044,0.0
1/7/2026,,42.5,0.288,0.044,0.0
1/7/2026,,42.6,0.288,0.044,0.0
1/7/2026,,42.6,0.288,0.044,0.0
1/7/2026,,42.7,0.288,0.044,0.0
1/7/2026,,42.7,0.288,0.044,0.0
1/7/2026,,42.8,0.283,0.044,0.0
1/7/2026,,42.8,0.283,0.044,0.0
1/7/2026,,42.9,0.283,0.044,0.0
1/7/2026,,42.9,0.283,0.044,0.0
1/7/2026,,43.0,0.283,0.044,0.0
1/8/2026,,43.1,0.283,0.044,0.0
1/8/2026,,43.1,0.283,0.044,0.0
1/8/2026,,43.1,0.283,0.044,0.0
1/8/2026,,43.2,0.283,0.044,0.0
1/8/2026,,43.2,0.283,0.044,0.0
1/8/2026,,43.2,0.283,0.044,0.0
1/8/2026,,43.2,0.283,0.082,0.0
1/8/2026,,43.3,0.283,0.082,0.0
1/8/2026,,43.3,0.283,0.082,0.0
1/8/2026,,43.3,0.283,0.082,0.0
1/8/2026,,43.3,0.283,0.082,0.0
1/8/2026,,43.3,0.282,0.082,0.0
1/8/2026,,43.3,0.282,0.082,0.0
1/8/2026,,43.3,0.282,0.082,0.0
1/8/2026,,43.3,0.282,0.082,0.0
1/8/2026,,43.3,0.282,0.082,0.0
1/8/2026,,43.3,0.282,0.082,0.0
1/8/2026,,43.3,0.282,0.082,0.0
1/8/2026,,43.4,0.282,0.082,0.0
1/8/2026,,43.4,0.285,0.082,0.0
1/8/2026,,43.4,0.285,0.082,0.0
1/8/2026,,43.4,0.285,0.082,0.0
1/8/2026,,43.4,0.285,0.082,0.0
1/8/2026,,43.5,0.285,0.082,0.0
1/9/2026,,43.5,0.285,0.082,0.0
1/9/2026,,43.5,0.285,0.082,0.0
1/9/2026,,43.5,0.285,0.082,0.0
1/9/2026,,43.5,0.285,0.082,0.0
1/9/2026,,43.5,0.285,0.082,0.0
1/9/2026,,43.5,0.285,0.082,0.0
1/9/2026,,43.6,0.285,0.053,0.0
1/9/2026,,43.6,0.285,0.053,0.0
1/9/2026,,43.6,0.285,0.053,0.0
1/9/2026,,43.6,0.285,0.053,0.0
1/9/2026,,43.6,0.285,0.053,0.0
1/9/2026,,43.6,0.285,0.053,0.0
1/9/2026,,43.6,0.285,0.053,0.0
1/9/2026,,43.6,0.285,0.053,0.0
1/9/2026,,43.6,0.285,0.053,0.0
1/9/2026,,43.6,0.285,0.053,0.0
1/9/2026,,43.7,0.285,0.053,0.0
1/9/2026,,43.7,0.285,0.053,0.0
1/9/2026,,43.7,0.285,0.053,0.0
1/9/2026,,43.7,0.284,0.053,0.0
1/9/2026,,43.7,0.284,0.053,0.0
1/9/2026,,43.7,0.283,0.053,0.0
1/9/2026,,43.8,0.283,0.053,0.0
1/9/2026,,43.8,0.283,0.053,0.0
1/10/2026,,43.8,0.283,0.053,0.276
1/10/2026,,43.8,0.283,0.053,0.552
1/10/2026,,43.9,0.283,0.053,0.8280000000000001
1/10/2026,,43.9,0.283,0.053,1.104
1/10/2026,,43.9,0.283,0.053,1.3800000000000001
1/10/2026,,44.0,0.283,0.053,1.6560000000000001
1/10/2026,,44.0,0.283,0.053,1.9320000000000002
1/10/2026,,44.0,0.283,0.053,1.9320000000000002
1/10/2026,,44.1,0.283,0.053,1.9320000000000002
1/10/2026,,44.1,0.283,0.053,1.9320000000000002
1/10/2026,,44.1,0.283,0.053,1.9320000000000002
1/10/2026,,44.2,0.283,0.053,1.9320000000000002
1/10/2026,,44.2,0.283,0.053,1.9320000000000002
1/10/2026,,44.2,0.283,0.053,1.9320000000000002
1/10/2026,,44.2,0.283,0.053,1.9320000000000002
1/10/2026,,44.2,0.284,0.053,1.9320000000000002
1/10/2026,,44.3,0.284,0.053,1.9320000000000002
1/10/2026,,44.3,0.284,0.053,1.9320000000000002
1/10/2026,,44.4,0.284,0.053,1.9320000000000002
1/10/2026,,44.4,0.284,0.053,1.9320000000000002
1/10/2026,,44.4,0.285,0.053,1.9320000000000002
1/10/2026,,44.5,0.285,0.053,1.9320000000000002
1/10/2026,,44.5,0.285,0.053,1.9320000000000002
1/10/2026,,44.6,0.285,0.053,1.9320000000000002
1/11/2026,,44.6,0.286,0.053,1.6680000000000001
1/11/2026,,44.7,0.286,0.053,1.4040000000000001
1/11/2026,,44.7,0.286,0.053,1.1400000000000001
1/11/2026,,44.8,0.287,0.053,0.8760000000000001
1/11/2026,,44.8,0.287,0.053,0.6120000000000001
1/11/2026,,44.9,0.287,0.053,0.34800000000000003
1/11/2026,,44.9,0.287,0.016,0.084
1/11/2026,,45.0,0.288,0.016,0.084
1/11/2026,,45.0,0.288,0.016,0.084
1/11/2026,,45.1,0.288,0.016,0.084
1/11/2026,,45.1,0.288,0.016,0.084
1/11/2026,,45.1,0.289,0.016,0.084
1/11/2026,,45.1,0.289,0.016,0.084
1/11/2026,,45.2,0.289,0.016,0.084
1/11/2026,,45.2,0.289,0.016,0.084
1/11/2026,,45.3,0.289,0.016,0.084
1/11/2026,,45.3,0.289,0.016,0.084
1/11/2026,,45.4,0.29,0.016,0.084
1/11/2026,,45.4,0.29,0.016,0.084
1/11/2026,,45.4,0.29,0.016,0.084
1/11/2026,,45.5,0.29,0.016,0.084
1/11/2026,,45.5,0.291,0.016,0.084
1/11/2026,,45.5,0.291,0.016,0.084
1/11/2026,,45.6,0.291,0.016,0.084
1/12/2026,,45.6,0.291,0.016,0.07200000000000001
1/12/2026,,45.6,0.291,0.016,0.06
1/12/2026,,45.7,0.291,0.016,0.048
1/12/2026,,45.7,0.292,0.016,0.036000000000000004
1/12/2026,,45.7,0.292,0.016,0.024
1/12/2026,,45.7,0.292,0.016,0.012
1/12/2026,,45.7,0.292,0.052,0.0
1/12/2026,,45.7,0.292,0.052,0.0
1/12/2026,,45.7,0.292,0.052,0.0
1/12/2026,,45.7,0.292,0.052,0.0
1/12/2026,,45.7,0.292,0.052,0.0
1/12/2026,,45.7,0.293,0.052,0.0
1/12/2026,,45.7,0.293,0.052,0.0
1/12/2026,,45.7,0.293,0.052,0.0
1/12/2026,,45.7,0.293,0.052,0.0
1/12/2026,,45.7,0.293,0.052,0.0
1/12/2026,,45.7,0.293,0.052,0.0
1/12/2026,,45.7,0.293,0.052,0.0
1/12/2026,,45.7,0.293,0.052,0.0
1/12/2026,,45.7,0.293,0.052,0.0
1/12/2026,,45.7,0.293,0.052,0.0
1/12/2026,,45.7,0.293,0.052,0.0
1/12/2026,,45.7,0.293,0.052,0.0
1/12/2026,,45.7,0.293,0.052,0.0
1/13/2026,,45.7,0.293,0.052,0.0
1/13/2026,,45.7,0.293,0.052,0.0
1/13/2026,,45.7,0.293,0.052,0.0
1/13/2026,,45.6,0.293,0.052,0.0
1/13/2026,,45.6,0.293,0.052,0.0
1/13/2026,,45.6,0.293,0.052,0.0
1/13/2026,,45.6,0.293,0.061,0.0
1/13/2026,,45.6,0.293,0.061,0.0
1/13/2026,,45.6,0.293,0.061,0.0
1/13/2026,,45.5,0.293,0.061,0.0
1/13/2026,,45.5,0.293,0.061,0.0
1/13/2026,,45.5,0.293,0.061,0.0
1/13/2026,,45.5,0.293,0.061,0.0
1/13/2026,,45.5,0.293,0.061,0.0
1/13/2026,,45.5,0.293,0.061,0.0
1/13/2026,,45.4,0.293,0.061,0.0
1/13/2026,,45.4,0.293,0.061,0.0
1/13/2026,,45.4,0.293,0.061,0.0
1/13/2026,,45.4,0.293,0.061,0.0
1/13/2026,,45.4,0.294,0.061,0.0
1/13/2026,,45.4,0.294,0.061,0.0
1/13/2026,,45.4,0.294,0.061,0.0
1/13/2026,,45.4,0.294,0.061,0.0
1/13/2026,,45.4,0.294,0.061,0.0
1/14/2026,,45.4,0.294,0.061,0.0
1/14/2026,,45.4,0.294,0.061,0.0
1/14/2026,,45.4,0.294,0.061,0.0
1/14/2026,,45.4,0.294,0.061,0.0
1/14/2026,,45.4,0.294,0.061,0.0
1/14/2026,,45.4,0.294,0.061,0.0
1/14/2026,,45.4,0.294,0.085,0.0
1/14/2026,,45.4,0.294,0.085,0.0
1/14/2026,,45.4,0.294,0.085,0.0
1/14/2026,,45.4,0.294,0.085,0.0
1/14/2026,,45.4,0.294,0.085,0.0
1/14/2026,,45.5,0.294,0.085,0.0
1/14/2026,,45.5,0.294,0.085,0.0
1/14/2026,,45.5,0.294,0.085,0.0
1/14/2026,,45.5,0.294,0.085,0.0
1/14/2026,,45.5,0.294,0.085,0.0
1/14/2026,,45.5,0.294,0.085,0.0
1/14/2026,,45.5,0.294,0.085,0.0
1/14/2026,,45.5,0.294,0.085,0.0
1/14/2026,,45.6,0.295,0.085,0.0
1/14/2026,,45.6,0.295,0.085,0.0
1/14/2026,,45.6,0.295,0.085,0.0
1/14/2026,,45.6,0.295,0.085,0.0
1/14/2026,,45.6,0.295,0.085,0.0
1/15/2026,,45.6,0.295,0.085,0.0
1/15/2026,,45.6,0.295,0.085,0.0
1/15/2026,,45.7,0.295,0.085,0.0
1/15/2026,,45.7,0.295,0.085,0.0
1/15/2026,,45.7,0.295,0.085,0.0
1/15/2026,,45.7,0.295,0.085,0.0
1/15/2026,,45.7,0.295,0.091,0.0
1/15/2026,,45.7,0.295,0.091,0.0
1/15/2026,,45.7,0.295,0.091,0.0
1/15/2026,,45.7,0.295,0.091,0.0
1/15/2026,,45.7,0.295,0.091,0.0
1/15/2026,,45.7,0.295,0.091,0.0
1/15/2026,,45.7,0.295,0.091,0.0
1/15/2026,,45.7,0.295,0.091,0.0
1/15/2026,,45.7,0.295,0.091,0.0
1/15/2026,,45.7,0.295,0.091,0.0
1/15/2026,,45.7,0.295,0.091,0.0
1/15/2026,,45.7,0.295,0.091,0.0
1/15/2026,,45.7,0.295,0.091,0.0
1/15/2026,,45.7,0.295,0.091,0.0
1/15/2026,,45.7,0.295,0.091,0.0
1/15/2026,,45.7,0.295,0.091,0.0
1/15/2026,,45.7,0.295,0.091,0.0
1/15/2026,,45.7,0.295,0.091,0.0
1/16/2026,,45.7,0.295,0.091,0.0
1/16/2026,,45.6,0.295,0.091,0.0
1/16/2026,,45.6,0.295,0.091,0.0
1/16/2026,,45.6,0.295,0.091,0.0
1/16/2026,,45.5,0.295,0.091,0.0
1/16/2026,,45.5,0.295,0.091,0.0
1/16/2026,,45.4,0.295,0.077,0.0
1/16/2026,,45.4,0.295,0.077,0.0
1/16/2026,,45.3,0.295,0.077,0.0
1/16/2026,,45.3,0.295,0.077,0.0
1/16/2026,,45.2,0.295,0.077,0.0
1/16/2026,,45.2,0.295,0.077,0.0
1/16/2026,,45.1,0.295,0.077,0.0
1/16/2026,,45.1,0.295,0.077,0.0
1/16/2026,,45.1,0.295,0.077,0.0
1/16/2026,,45.1,0.295,0.077,0.0
1/16/2026,,45.0,0.295,0.077,0.0
1/16/2026,,45.0,0.295,0.077,0.0
1/16/2026,,45.0,0.295,0.077,0.0
1/16/2026,,44.9,0.295,0.077,0.0
1/16/2026,,44.9,0.295,0.077,0.0
1/16/2026,,44.9,0.295,0.077,0.0
1/16/2026,,44.8,0.295,0.077,0.0
1/16/2026,,44.8,0.295,0.077,0.0
1/17/2026,,44.7,0.295,0.077,0.0
1/17/2026,,44.7,0.295,0.077,0.0
1/17/2026,,44.7,0.295,0.077,0.0
1/17/2026,,44.6,0.295,0.077,0.0
1/17/2026,,44.6,0.295,0.077,0.0
1/17/2026,,44.5,0.295,0.077,0.0
1/17/2026,,44.5,0.295,0.067,0.0
1/17/2026,,44.5,0.295,0.067,0.0
1/17/2026,,44.4,0.295,0.067,0.0
1/17/2026,,44.4,0.295,0.067,0.0
1/17/2026,,44.4,0.295,0.067,0.0
1/17/2026,,44.4,0.295,0.067,0.0
1/17/2026,,44.3,0.295,0.067,0.0
1/17/2026,,44.3,0.295,0.067,0.0
1/17/2026,,44.3,0.295,0.067,0.0
1/17/2026,,44.3,0.295,0.067,0.0
1/17/2026,,44.3,0.295,0.067,0.0
1/17/2026,,44.3,0.295,0.067,0.0
1/17/2026,,44.3,0.295,0.067,0.0
1/17/2026,,44.3,0.296,0.067,0.0
1/17/2026,,44.3,0.296,0.067,0.0
1/17/2026,,44.3,0.296,0.067,0.0
1/17/2026,,44.3,0.296,0.067,0.0
1/17/2026,,44.3,0.296,0.067,0.0
1/18/2026,,44.3,0.296,0.067,0.272
1/18/2026,,44.3,0.296,0.067,0.544
1/18/2026,,44.3,0.296,0.067,0.8160000000000001
1/18/2026,,44.3,0.296,0.067,1.088
1/18/2026,,44.3,0.296,0.067,1.36
1/18/2026,,44.2,0.296,0.067,1.6320000000000001
1/18/2026,,44.2,0.296,0.086,1.9040000000000001
1/18/2026,,44.2,0.296,0.086,1.9040000000000001
1/18/2026,,44.2,0.296,0.086,1.9040000000000001
1/18/2026,,44.2,0.296,0.086,1.9040000000000001
1/18/2026,,44.2,0.296,0.086,1.9040000000000001
1/18/2026,,44.2,0.296,0.086,1.9040000000000001
1/18/2026,,44.2,0.296,0.086,1.9040000000000001
1/18/2026,,44.2,0.296,0.086,1.9040000000000001
1/18/2026,,44.2,0.296,0.086,1.9040000000000001
1/18/2026,,44.2,0.296,0.086,1.9040000000000001
1/18/2026,,44.2,0.296,0.086,1.9040000000000001
1/18/2026,,44.2,0.296,0.086,1.9040000000000001
1/18/2026,,44.2,0.296,0.086,1.9040000000000001
1/18/2026,,44.2,0.297,0.086,1.9040000000000001
1/18/2026,,44.2,0.297,0.086,1.9040000000000001
1/18/2026,,44.2,0.297,0.086,1.9040000000000001
1/18/2026,,44.2,0.297,0.086,1.9040000000000001
1/18/2026,,44.1,0.298,0.086,1.9040000000000001
1/19/2026,,44.1,0.298,0.086,1.6320000000000001
1/19/2026,,44.1,0.298,0.086,1.36
1/19/2026,,44.1,0.299,0.086,1.088
1/19/2026,,44.0,0.299,0.086,0.8160000000000001
1/19/2026,,44.0,0.299,0.086,0.544
1/19/2026,,44.0,0.3,0.086,0.272
1/19/2026,,44.0,0.3,0.016,0.0
1/19/2026,,43.9,0.3,0.016,0.0
1/19/2026,,43.9,0.3,0.016,0.0
1/19/2026,,43.8,0.301,0.016,0.0
1/19/2026,,43.8,0.301,0.016,0.0
1/19/2026,,43.8,0.301,0.016,0.0
1/19/2026,,43.7,0.301,0.016,0.0
1/19/2026,,43.7,0.301,0.016,0.0
1/19/2026,,43.6,0.302,0.016,0.0
1/19/2026,,43.6,0.302,0.016,0.0
1/19/2026,,43.6,0.302,0.016,0.0
1/19/2026,,43.5,0.302,0.016,0.0
1/19/2026,,43.5,0.302,0.016,0.0
1/19/2026,,43.5,0.302,0.016,0.0
1/19/2026,,43.5,0.302,0.016,0.0
1/19/2026,,43.4,0.303,0.016,0.0
1/19/2026,,43.4,0.303,0.016,0.0
1/19/2026,,43.4,0.303,0.016,0.0
1/20/2026,,43.3,0.303,0.016,0.0
1/20/2026,,43.3,0.303,0.016,0.0
1/20/2026,,43.3,0.303,0.016,0.0
1/20/2026,,43.3,0.303,0.016,0.0
1/20/2026,,43.3,0.304,0.016,0.0
1/20/2026,,43.3,0.304,0.016,0.0
1/20/2026,,43.2,0.304,0.049,0.0
1/20/2026,,43.2,0.304,0.049,0.0
1/20/2026,,43.2,0.304,0.049,0.0
1/20/2026,,43.1,0.304,0.049,0.0
1/20/2026,,43.1,0.304,0.049,0.0
1/20/2026,,43.1,0.304,0.049,0.0
1/20/2026,,43.0,0.304,0.049,0.0
1/20/2026,,43.0,0.305,0.049,0.0
1/20/2026,,43.0,0.305,0.049,0.0
1/20/2026,,42.9,0.305,0.049,0.0
1/20/2026,,42.9,0.305,0.049,0.0
1/20/2026,,42.9,0.305,0.049,0.0
1/20/2026,,42.9,0.305,0.049,0.0
1/20/2026,,42.8,0.305,0.049,0.0
1/20/2026,,42.8,0.305,0.049,0.0
1/20/2026,,42.8,0.305,0.049,0.0
1/20/2026,,42.7,0.305,0.049,0.0
1/20/2026,,42.7,0.306,0.049,0.0
1/21/2026,,42.7,0.306,0.049,0.0
1/21/2026,,42.7,0.306,0.049,0.0
1/21/2026,,42.6,0.306,0.049,0.0
1/21/2026,,42.6,0.306,0.049,0.0
1/21/2026,,42.6,0.306,0.049,0.0
1/21/2026,,42.6,0.306,0.049,0.0
1/21/2026,,42.5,0.306,0.057,0.0
1/21/2026,,42.5,0.306,0.057,0.0
1/21/2026,,42.5,0.306,0.057,0.0
1/21/2026,,42.4,0.306,0.057,0.0
1/21/2026,,42.4,0.306,0.057,0.0
1/21/2026,,42.4,0.306,0.057,0.0
1/21/2026,,42.4,0.306,0.057,0.0
1/21/2026,,42.4,0.306,0.057,0.0
1/21/2026,,42.4,0.306,0.057,0.0
1/21/2026,,42.3,0.306,0.057,0.0
1/21/2026,,42.3,0.306,0.057,0.0
1/21/2026,,42.3,0.306,0.057,0.0
1/21/2026,,42.2,0.306,0.057,0.0
1/21/2026,,42.2,0.306,0.057,0.0
1/21/2026,,42.2,0.306,0.057,0.0
1/21/2026,,42.1,0.306,0.057,0.0
1/21/2026,,42.1,0.306,0.057,0.0
1/21/2026,,42.1,0.306,0.057,0.0
1/22/2026,,42.0,0.306,0.057,0.0
1/22/2026,,42.0,0.306,0.057,0.0
1/22/2026,,41.9,0.306,0.057,0.0
1/22/2026,,41.9,0.306,0.057,0.0
1/22/2026,,41.9,0.306,0.057,0.0
1/22/2026,,41.9,0.306,0.057,0.0
1/22/2026,,41.9,0.306,0.071,0.0
1/22/2026,,41.8,0.306,0.071,0.0
1/22/2026,,41.8,0.306,0.071,0.0
1/22/2026,,41.8,0.306,0.071,0.0
1/22/2026,,41.8,0.306,0.071,0.0
1/22/2026,,41.8,0.306,0.071,0.0
1/22/2026,,41.8,0.306,0.071,0.0
1/22/2026,,41.8,0.305,0.071,0.0
1/22/2026,,41.8,0.305,0.071,0.0
1/22/2026,,41.8,0.305,0.071,0.0
1/22/2026,,41.9,0.305,0.071,0.0
1/22/2026,,41.9,0.305,0.071,0.0
1/22/2026,,41.9,0.305,0.071,0.0
1/22/2026,,41.9,0.3,0.071,0.0
1/22/2026,,42.0,0.3,0.071,0.0
1/22/2026,,42.0,0.3,0.071,0.0
1/22/2026,,42.0,0.3,0.071,0.0
1/22/2026,,42.1,0.3,0.071,0.0
1/23/2026,,42.1,0.3,0.071,0.0
1/23/2026,,42.1,0.3,0.071,0.0
1/23/2026,,42.1,0.3,0.071,0.0
1/23/2026,,42.1,0.3,0.071,0.0
1/23/2026,,42.2,0.3,0.071,0.0
1/23/2026,,42.2,0.3,0.071,0.0
1/23/2026,,42.2,0.3,0.108,0.0
1/23/2026,,42.2,0.3,0.108,0.0
1/23/2026,,42.2,0.3,0.108,0.0
1/23/2026,,42.2,0.3,0.108,0.0
1/23/2026,,42.2,0.3,0.108,0.0
1/23/2026,,42.2,0.3,0.108,0.0
1/23/2026,,42.2,0.3,0.108,0.0
1/23/2026,,42.2,0.3,0.108,0.0
1/23/2026,,42.2,0.3,0.108,0.0
1/23/2026,,42.2,0.299,0.108,0.0
1/23/2026,,42.2,0.299,0.108,0.0
1/23/2026,,42.2,0.299,0.108,0.0
1/23/2026,,42.2,0.299,0.108,0.0
1/23/2026,,42.2,0.295,0.108,0.0
1/23/2026,,42.2,0.295,0.108,0.0
1/23/2026,,42.2,0.295,0.108,0.0
1/23/2026,,42.2,0.295,0.108,0.0
1/23/2026,,42.2,0.295,0.108,0.0
1/24/2026,,42.2,0.295,0.108,0.0
1/24/2026,,42.2,0.295,0.108,0.0
1/24/2026,,42.2,0.295,0.108,0.0
1/24/2026,,42.2,0.295,0.108,0.0
1/24/2026,,42.2,0.295,0.108,0.0
1/24/2026,,42.2,0.295,0.108,0.0
1/24/2026,,42.2,0.295,0.069,0.0
1/24/2026,,42.2,0.295,0.069,0.0
1/24/2026,,42.1,0.294,0.069,0.0
1/24/2026,,42.1,0.294,0.069,0.0
1/24/2026,,42.1,0.294,0.069,0.0
1/24/2026,,42.1,0.294,0.069,0.0
1/24/2026,,42.1,0.294,0.069,0.0
1/24/2026,,42.1,0.294,0.069,0.0
1/24/2026,,42.1,0.294,0.069,0.0
1/24/2026,,42.1,0.294,0.069,0.0
1/24/2026,,42.0,0.294,0.069,0.0
1/24/2026,,42.0,0.294,0.069,0.0
1/24/2026,,42.0,0.294,0.069,0.0
1/24/2026,,42.0,0.294,0.069,0.0
1/24/2026,,42.0,0.294,0.069,0.0
1/24/2026,,41.9,0.294,0.069,0.0
1/24/2026,,41.9,0.294,0.069,0.0
1/24/2026,,41.9,0.294,0.069,0.0
1/25/2026,,41.9,0.293,0.069,1.413
1/25/2026,,41.8,0.293,0.069,2.826
1/25/2026,,41.8,0.293,0.069,4.239
1/25/2026,,41.8,0.293,0.069,5.652
1/25/2026,,41.8,0.293,0.069,7.065
1/25/2026,,41.7,0.293,0.069,8.478
1/25/2026,,41.7,0.293,0.058,9.891
1/25/2026,,41.7,0.293,0.058,9.891
1/25/2026,,41.6,0.293,0.058,9.891
1/25/2026,,41.6,0.293,0.058,9.891
1/25/2026,,41.6,0.293,0.058,9.891
1/25/2026,,41.5,0.293,0.058,9.891
1/25/2026,,41.5,0.293,0.058,9.891
1/25/2026,,41.5,0.293,0.058,9.891
1/25/2026,,41.5,0.293,0.058,9.891
1/25/2026,,41.5,0.293,0.058,9.891
1/25/2026,,41.5,0.293,0.058,9.891
1/25/2026,,41.4,0.293,0.058,9.891
1/25/2026,,41.4,0.293,0.058,9.891
1/25/2026,,41.4,0.293,0.058,9.891
1/25/2026,,41.3,0.293,0.058,9.891
1/25/2026,,41.3,0.293,0.058,9.891
1/25/2026,,41.3,0.293,0.058,9.891
1/25/2026,,41.2,0.293,0.058,9.891
1/26/2026,,41.2,0.293,0.058,8.478
1/26/2026,,41.2,0.293,0.058,7.065
1/26/2026,,41.1,0.293,0.058,5.652
1/26/2026,,41.1,0.293,0.058,4.239
1/26/2026,,41.1,0.294,0.058,2.826
1/26/2026,,41.0,0.294,0.058,1.413
1/26/2026,,41.0,0.294,0.008,0.0
1/26/2026,,41.0,0.294,0.008,0.0
1/26/2026,,41.0,0.294,0.008,0.0
1/26/2026,,40.9,0.294,0.008,0.0
1/26/2026,,40.9,0.294,0.008,0.0
1/26/2026,,40.9,0.294,0.008,0.0
1/26/2026,,40.9,0.294,0.008,0.0
1/26/2026,,40.8,0.294,0.008,0.0
1/26/2026,,40.8,0.294,0.008,0.0
1/26/2026,,40.8,0.294,0.008,0.0
1/26/2026,,40.8,0.295,0.008,0.0
1/26/2026,,40.7,0.295,0.008,0.0
1/26/2026,,40.7,0.295,0.008,0.0
1/26/2026,,40.7,0.295,0.008,0.0
1/26/2026,,40.7,0.295,0.008,0.0
1/26/2026,,40.6,0.295,0.008,0.0
1/26/2026,,40.6,0.295,0.008,0.0
1/26/2026,,40.6,0.295,0.008,0.0
1/27/2026,,40.6,0.295,0.008,0.0
1/27/2026,,40.6,0.295,0.008,0.0
1/27/2026,,40.6,0.295,0.008,0.0
1/27/2026,,40.6,0.295,0.008,0.0
1/27/2026,,40.6,0.295,0.008,0.0
1/27/2026,,40.5,0.296,0.008,0.0
1/27/2026,,40.5,0.296,0.034,0.0
1/27/2026,,40.5,0.296,0.034,0.0
1/27/2026,,40.5,0.296,0.034,0.0
1/27/2026,,40.5,0.296,0.034,0.0
1/27/2026,,40.4,0.296,0.034,0.0
1/27/2026,,40.4,0.296,0.034,0.0
1/27/2026,,40.4,0.296,0.034,0.0
1/27/2026,,40.4,0.296,0.034,0.0
1/27/2026,,40.3,0.296,0.034,0.0
1/27/2026,,40.3,0.296,0.034,0.0
1/27/2026,,40.3,0.296,0.034,0.0
1/27/2026,,40.2,0.296,0.034,0.0
1/27/2026,,40.2,0.296,0.034,0.0
1/27/2026,,40.2,0.296,0.034,0.0
1/27/2026,,40.2,0.296,0.034,0.0
1/27/2026,,40.1,0.296,0.034,0.0
1/27/2026,,40.1,0.296,0.034,0.0
1/27/2026,,40.1,0.296,0.034,0.0
1/28/2026,,40.1,0.297,0.034,0.0
1/28/2026,,40.0,0.297,0.034,0.0
1/28/2026,,40.0,0.297,0.034,0.0
1/28/2026,,40.0,0.297,0.034,0.0
1/28/2026,,40.0,0.297,0.034,0.0
1/28/2026,,39.9,0.297,0.034,0.0
1/28/2026,,39.9,0.297,0.042,0.0
1/28/2026,,39.9,0.297,0.042,0.0
1/28/2026,,39.8,0.297,0.042,0.0
1/28/2026,,39.8,0.297,0.042,0.0
1/28/2026,,39.8,0.297,0.042,0.0
1/28/2026,,39.8,0.297,0.042,0.0
1/28/2026,,39.7,0.297,0.042,0.0
1/28/2026,,39.7,0.297,0.042,0.0
1/28/2026,,39.7,0.297,0.042,0.0
1/28/2026,,39.7,0.297,0.042,0.0
1/28/2026,,39.7,0.297,0.042,0.0
1/28/2026,,39.7,0.297,0.042,0.0
1/28/2026,,39.6,0.297,0.042,0.0
1/28/2026,,39.6,0.297,0.042,0.0
1/28/2026,,39.6,0.297,0.042,0.0
1/28/2026,,39.5,0.297,0.042,0.0
1/28/2026,,39.5,0.297,0.042,0.0
1/28/2026,,39.5,0.297,0.042,0.0
1/29/2026,,39.5,0.297,0.042,0.0
1/29/2026,,39.4,0.297,0.042,0.0
1/29/2026,,39.4,0.297,0.042,0.0
1/29/2026,,39.4,0.297,0.042,0.0
1/29/2026,,39.4,0.297,0.042,0.0
1/29/2026,,39.3,0.297,0.042,0.0
1/29/2026,,39.3,0.297,0.05,0.0
1/29/2026,,39.3,0.297,0.05,0.0
1/29/2026,,39.3,0.297,0.05,0.0
1/29/2026,,39.2,0.297,0.05,0.0
1/29/2026,,39.2,0.297,0.05,0.0
1/29/2026,,39.2,0.297,0.05,0.0
1/29/2026,,39.2,0.297,0.05,0.0
1/29/2026,,39.1,0.297,0.05,0.0
1/29/2026,,39.1,0.297,0.05,0.0
1/29/2026,,39.1,0.297,0.05,0.0
1/29/2026,,39.1,0.297,0.05,0.0
1/29/2026,,39.0,0.297,0.05,0.0
1/29/2026,,39.0,0.297,0.05,0.0
1/29/2026,,39.0,0.297,0.05,0.0
1/29/2026,,38.9,0.297,0.05,0.0
1/29/2026,,38.9,0.297,0.05,0.0
1/29/2026,,38.9,0.297,0.05,0.0
1/29/2026,,38.9,0.297,0.05,0.0
1/30/2026,,38.9,0.297,0.05,0.0
1/30/2026,,38.8,0.297,0.05,0.0
1/30/2026,,38.8,0.297,0.05,0.0
1/30/2026,,38.8,0.297,0.05,0.0
1/30/2026,,38.8,0.297,0.05,0.0
1/30/2026,,38.8,0.297,0.05,0.0
1/30/2026,,38.8,0.297,0.043,0.0
1/30/2026,,38.8,0.297,0.043,0.0
1/30/2026,,38.8,0.297,0.043,0.0
1/30/2026,,38.7,0.297,0.043,0.0
1/30/2026,,38.7,0.297,0.043,0.0
1/30/2026,,38.7,0.297,0.043,0.0
1/30/2026,,38.7,0.297,0.043,0.0
1/30/2026,,38.6,0.297,0.043,0.0
1/30/2026,,38.6,0.297,0.043,0.0
1/30/2026,,38.6,0.297,0.043,0.0
1/30/2026,,38.6,0.297,0.043,0.0
1/30/2026,,38.6,0.297,0.043,0.0
1/30/2026,,38.5,0.297,0.043,0.0
1/30/2026,,38.5,0.297,0.043,0.0
1/30/2026,,38.5,0.297,0.043,0.0
1/30/2026,,38.5,0.297,0.043,0.0
1/30/2026,,38.5,0.297,0.043,0.0
1/30/2026,,38.4,0.297,0.043,0.0
1/31/2026,,38.4,0.297,0.043,0.0
1/31/2026,,38.4,0.297,0.043,0.0
1/31/2026,,38.4,0.297,0.043,0.0
1/31/2026,,38.4,0.297,0.043,0.0
1/31/2026,,38.3,0.297,0.043,0.0
1/31/2026,,38.3,0.297,0.043,0.0
1/31/2026,,38.3,0.297,0.04,0.0
1/31/2026,,38.3,0.297,0.04,0.0
1/31/2026,,38.2,0.297,0.04,0.0
1/31/2026,,38.2,0.297,0.04,0.0
1/31/2026,,38.2,0.297,0.04,0.0
1/31/2026,,38.2,0.297,0.04,0.0
1/31/2026,,38.2,0.297,0.04,0.0
1/31/2026,,38.2,0.297,0.04,0.0
1/31/2026,,38.1,0.297,0.04,0.0
1/31/2026,,38.1,0.297,0.04,0.0
1/31/2026,,38.1,0.297,0.04,0.0
1/31/2026,,38.1,0.297,0.04,0.0
1/31/2026,,38.1,0.297,0.04,0.0
1/31/2026,,38.0,0.297,0.04,0.0
1/31/2026,,38.0,0.297,0.04,0.0
1/31/2026,,38.0,0.297,0.04,0.0
1/31/2026,,38.0,0.297,0.04,0.0
1/31/2026,,38.0,0.297,0.04,0.0
2/1/2026,,37.9,0.297,0.04,0.0
2/1/2026,,37.9,0.297,0.04,0.0
2/1/2026,,37.9,0.297,0.04,0.0
2/1/2026,,37.9,0.297,0.04,0.0
2/1/2026,,37.9,0.297,0.04,0.0
2/1/2026,,37.9,0.297,0.04,0.0
2/1/2026,,37.9,0.297,0.041,0.0
2/1/2026,,37.9,0.297,0.041,0.0
2/1/2026,,37.9,0.297,0.041,0.0
2/1/2026,,37.9,0.297,0.041,0.0
2/1/2026,,37.9,0.297,0.041,0.0
2/1/2026,,37.9,0.297,0.041,0.0
2/1/2026,,37.8,0.296,0.041,0.0
2/1/2026,,37.8,0.296,0.041,0.0
2/1/2026,,37.8,0.296,0.041,0.0
2/1/2026,,37.8,0.296,0.041,0.0
2/1/2026,,37.8,0.296,0.041,0.0
2/1/2026,,37.7,0.296,0.041,0.0
2/1/2026,,37.7,0.296,0.041,0.0
2/1/2026,,37.7,0.296,0.041,0.0
2/1/2026,,37.7,0.296,0.041,0.0
2/1/2026,,37.7,0.296,0.041,0.0
2/1/2026,,37.7,0.296,0.041,0.0
2/1/2026,,37.6,0.296,0.041,0.0
2/2/2026,,37.6,0.296,0.041,0.0
2/2/2026,,37.6,0.296,0.041,0.0
2/2/2026,,37.6,0.296,0.041,0.0
2/2/2026,,37.6,0.296,0.041,0.0
2/2/2026,,37.6,0.296,0.041,0.0
2/2/2026,,37.5,0.296,0.041,0.0
2/2/2026,,37.5,0.296,0.049,0.0
2/2/2026,,37.5,0.296,0.049,0.0
2/2/2026,,37.5,0.296,0.049,0.0
2/2/2026,,37.5,0.296,0.049,0.0
2/2/2026,,37.5,0.296,0.049,0.0
2/2/2026,,37.5,0.296,0.049,0.0
2/2/2026,,37.4,0.296,0.049,0.0
2/2/2026,,37.4,0.296,0.049,0.0
2/2/2026,,37.4,0.296,0.049,0.0
2/2/2026,,37.4,0.296,0.049,0.0
2/2/2026,,37.4,0.296,0.049,0.0
2/2/2026,,37.4,0.296,0.049,0.0
2/2/2026,,37.4,0.296,0.049,0.0
2/2/2026,,37.4,0.296,0.049,0.0
2/2/2026,,37.3,0.296,0.049,0.0
2/2/2026,,37.3,0.296,0.049,0.0
2/2/2026,,37.3,0.296,0.049,0.0
2/2/2026,,37.3,0.296,0.049,0.0
2/3/2026,,37.3,0.296,0.049,0.0
2/3/2026,,37.3,0.296,0.049,0.0
2/3/2026,,37.3,0.296,0.049,0.0
2/3/2026,,37.3,0.296,0.049,0.0
2/3/2026,,37.3,0.296,0.049,0.0
2/3/2026,,37.2,0.296,0.049,0.0
2/3/2026,,37.2,0.296,0.07,0.0
2/3/2026,,37.2,0.296,0.07,0.0
2/3/2026,,37.2,0.296,0.07,0.0
2/3/2026,,37.2,0.296,0.07,0.0
2/3/2026,,37.2,0.296,0.07,0.0
2/3/2026,,37.2,0.296,0.07,0.0
2/3/2026,,37.2,0.296,0.07,0.0
2/3/2026,,37.2,0.296,0.07,0.0
2/3/2026,,37.2,0.295,0.07,0.0
2/3/2026,,37.2,0.295,0.07,0.0
2/3/2026,,37.2,0.295,0.07,0.0
2/3/2026,,37.1,0.295,0.07,0.0
2/3/2026,,37.1,0.295,0.07,0.0
2/3/2026,,37.1,0.295,0.07,0.0
2/3/2026,,37.1,0.295,0.07,0.0
2/3/2026,,37.1,0.295,0.07,0.0
2/3/2026,,37.1,0.295,0.07,0.0
2/3/2026,,37.1,0.295,0.07,0.0
2/4/2026,,37.1,0.295,0.07,0.047
2/4/2026,,37.1,0.295,0.07,0.094
2/4/2026,,37.1,0.295,0.07,0.14100000000000001
2/4/2026,,37.1,0.295,0.07,0.188
2/4/2026,,37.1,0.295,0.07,0.235
2/4/2026,,37.1,0.295,0.07,0.28200000000000003
2/4/2026,,37.0,0.295,0.062,0.329
2/4/2026,,37.0,0.295,0.062,0.329
2/4/2026,,37.0,0.295,0.062,0.329
2/4/2026,,37.0,0.295,0.062,0.329
2/4/2026,,37.0,0.295,0.062,0.329
2/4/2026,,37.0,0.295,0.062,0.329
2/4/2026,,37.0,0.295,0.062,0.329
2/4/2026,,37.0,0.295,0.062,0.329
2/4/2026,,37.0,0.295,0.062,0.329
2/4/2026,,37.0,0.295,0.062,0.329
2/4/2026,,37.0,0.295,0.062,0.329
2/4/2026,,37.0,0.295,0.062,0.329
2/4/2026,,37.0,0.295,0.062,0.329
2/4/2026,,37.0,0.295,0.062,0.329
2/4/2026,,37.0,0.295,0.062,0.329
2/4/2026,,37.0,0.295,0.062,0.329
2/4/2026,,37.0,0.295,0.062,0.329
2/4/2026,,37.0,0.295,0.062,0.329
2/5/2026,,37.0,0.295,0.062,0.28200000000000003
2/5/2026,,37.0,0.295,0.062,0.235
2/5/2026,,37.0,0.296,0.062,0.188
2/5/2026,,37.0,0.296,0.062,0.14100000000000001
2/5/2026,,37.0,0.296,0.062,0.094
2/5/2026,,37.0,0.296,0.062,0.047
2/5/2026,,37.0,0.296,0.04,0.0
2/5/2026,,37.0,0.296,0.04,0.0
2/5/2026,,37.0,0.296,0.04,0.0
2/5/2026,,37.0,0.296,0.04,0.0
2/5/2026,,37.0,0.296,0.04,0.0
2/5/2026,,37.0,0.296,0.04,0.0
2/5/2026,,36.9,0.296,0.04,0.0
2/5/2026,,36.9,0.296,0.04,0.0
2/5/2026,,36.9,0.296,0.04,0.0
2/5/2026,,36.9,0.296,0.04,0.0
2/5/2026,,36.9,0.296,0.04,0.0
2/5/2026,,36.9,0.296,0.04,0.0
2/5/2026,,36.9,0.296,0.04,0.0
2/5/2026,,36.9,0.296,0.04,0.0
2/5/2026,,36.9,0.297,0.04,0.0
2/5/2026,,36.9,0.297,0.04,0.0
2/5/2026,,36.9,0.297,0.04,0.0
2/5/2026,,36.9,0.297,0.04,0.0
2/6/2026,,36.9,0.297,0.04,0.0
2/6/2026,,36.9,0.297,0.04,0.0
2/6/2026,,36.9,0.297,0.04,0.0
2/6/2026,,36.9,0.297,0.04,0.0
2/6/2026,,36.9,0.297,0.04,0.0
2/6/2026,,36.9,0.297,0.04,0.0
2/6/2026,,36.9,0.297,0.066,0.0
2/6/2026,,36.9,0.297,0.066,0.0
2/6/2026,,36.8,0.297,0.066,0.0
2/6/2026,,36.8,0.297,0.066,0.0
2/6/2026,,36.8,0.297,0.066,0.0
2/6/2026,,36.8,0.297,0.066,0.0
2/6/2026,,36.8,0.298,0.066,0.0
2/6/2026,,36.8,0.298,0.066,0.0
2/6/2026,,36.8,0.298,0.066,0.0
2/6/2026,,36.8,0.298,0.066,0.0
2/6/2026,,36.8,0.298,0.066,0.0
2/6/2026,,36.8,0.298,0.066,0.0
2/6/2026,,36.8,0.298,0.066,0.0
2/6/2026,,36.8,0.298,0.066,0.0
2/6/2026,,36.8,0.298,0.066,0.0
2/6/2026,,36.8,0.298,0.066,0.0
2/6/2026,,36.8,0.298,0.066,0.0
2/6/2026,,36.8,0.298,0.066,0.0
2/7/2026,,36.8,0.298,0.066,0.0
2/7/2026,,36.8,0.298,0.066,0.0
2/7/2026,,36.8,0.298,0.066,0.0
2/7/2026,,36.8,0.298,0.066,0.0
2/7/2026,,36.8,0.298,0.066,0.0
2/7/2026,,36.8,0.298,0.066,0.0
2/7/2026,,36.8,0.298,0.055,0.0
2/7/2026,,36.8,0.298,0.055,0.0
2/7/2026,,36.8,0.298,0.055,0.0
2/7/2026,,36.8,0.298,0.055,0.0
2/7/2026,,36.8,0.298,0.055,0.0
2/7/2026,,36.7,0.298,0.055,0.0
2/7/2026,,36.7,0.299,0.055,0.0
2/7/2026,,36.7,0.299,0.055,0.0
2/7/2026,,36.7,0.299,0.055,0.0
2/7/2026,,36.7,0.299,0.055,0.0
2/7/2026,,36.7,0.299,0.055,0.0
2/7/2026,,36.7,0.299,0.055,0.0
2/7/2026,,36.7,0.299,0.055,0.0
2/7/2026,,36.7,0.299,0.055,0.0
2/7/2026,,36.7,0.299,0.055,0.0
2/7/2026,,36.7,0.299,0.055,0.0
2/7/2026,,36.7,0.299,0.055,0.0
2/7/2026,,36.7,0.299,0.055,0.0
2/8/2026,,36.7,0.299,0.055,0.0
2/8/2026,,36.7,0.299,0.055,0.0
2/8/2026,,36.7,0.299,0.055,0.0
2/8/2026,,36.7,0.299,0.055,0.0
2/8/2026,,36.7,0.299,0.055,0.0
2/8/2026,,36.7,0.299,0.055,0.0
2/8/2026,,36.7,0.299,0.062,0.0
2/8/2026,,36.7,0.299,0.062,0.0
2/8/2026,,36.7,0.299,0.062,0.0
2/8/2026,,36.7,0.299,0.062,0.0
2/8/2026,,36.7,0.299,0.062,0.0
2/8/2026,,36.7,0.299,0.062,0.0
2/8/2026,,36.7,0.299,0.062,0.0
2/8/2026,,36.7,0.299,0.062,0.0
2/8/2026,,36.7,0.299,0.062,0.0
2/8/2026,,36.7,0.299,0.062,0.0
2/8/2026,,36.7,0.299,0.062,0.0
2/8/2026,,36.7,0.299,0.062,0.0
2/8/2026,,36.7,0.299,0.062,0.0
2/8/2026,,36.7,0.299,0.062,0.0
2/8/2026,,36.7,0.299,0.062,0.0
2/8/2026,,36.7,0.299,0.062,0.0
2/8/2026,,36.7,0.299,0.062,0.0
2/8/2026,,36.7,0.299,0.062,0.0
2/9/2026,,36.7,0.299,0.062,0.0
2/9/2026,,36.7,0.299,0.062,0.0
2/9/2026,,36.7,0.299,0.062,0.0
2/9/2026,,36.7,0.299,0.062,0.0
2/9/2026,,36.7,0.299,0.062,0.0
2/9/2026,,36.6,0.299,0.062,0.0
2/9/2026,,36.6,0.299,0.054,0.0
2/9/2026,,36.6,0.299,0.054,0.0
2/9/2026,,36.6,0.299,0.054,0.0
2/9/2026,,36.6,0.299,0.054,0.0
2/9/2026,,36.6,0.299,0.054,0.0
2/9/2026,,36.6,0.299,0.054,0.0
2/9/2026,,36.6,0.299,0.054,0.0
2/9/2026,,36.6,0.299,0.054,0.0
2/9/2026,,36.6,0.299,0.054,0.0
2/9/2026,,36.6,0.299,0.054,0.0
2/9/2026,,36.6,0.299,0.054,0.0
2/9/2026,,36.6,0.299,0.054,0.0
2/9/2026,,36.6,0.299,0.054,0.0
2/9/2026,,36.6,0.299,0.054,0.0
2/9/2026,,36.6,0.299,0.054,0.0
2/9/2026,,36.6,0.299,0.054,0.0
2/9/2026,,36.6,0.299,0.054,0.0
2/9/2026,,36.6,0.299,0.054,0.0
