date,Evapotranspiration(inch),Precipitation(inch),Mean_soil_moisture(m^3/m^3),Mean_temperaturen(°F),Mean_surface_pressure(hPa),Mean_wind_speed(mp/h),Mean_soil_temperature(°F),Max_vapour_pressure_deficit (kPa),Mean_wet_bulb_temperature (°F),gw_lag1
1/1/2026,0.06,0.0,0.276,33.7,1008.2,17.3,46.0,0.48,27.3,97.82052083333332
1/1/2026,0.06,0.0,0.276,33.7,1008.2,17.3,46.0,0.48,27.3,
1/1/2026,0.06,0.0,0.276,33.7,1008.2,17.3,45.9,0.48,27.3,
1/1/2026,0.06,0.0,0.276,33.7,1008.2,17.3,45.9,0.48,27.3,
1/1/2026,0.06,0.0,0.276,33.7,1008.2,17.3,45.9,0.48,27.3,
1/1/2026,0.06,0.0,0.276,33.7,1008.2,17.3,45.8,0.48,27.3,
1/1/2026,0.06,0.0,0.276,33.7,1008.2,17.3,45.8,0.48,27.3,
1/1/2026,0.06,0.0,0.276,33.7,1008.2,17.3,45.8,0.48,27.3,
1/1/2026,0.06,0.0,0.276,33.7,1008.2,17.3,45.8,0.48,27.3,
1/1/2026,0.06,0.0,0.276,33.7,1008.2,17.3,45.7,0.48,27.3,
1/1/2026,0.06,0.0,0.276,33.7,1008.2,17.3,45.7,0.48,27.3,
1/1/2026,0.06,0.0,0.276,33.7,1008.2,17.3,45.7,0.48,27.3,
1/1/2026,0.06,0.0,0.276,33.7,1008.2,17.3,45.7,0.48,27.3,
1/1/2026,0.06,0.0,0.276,33.7,1008.2,17.3,45.7,0.48,27.3,
1/1/2026,0.06,0.0,0.276,33.7,1008.2,17.3,45.6,0.48,27.3,
1/1/2026,0.06,0.0,0.276,33.7,1008.2,17.3,45.6,0.48,27.3,
1/1/2026,0.06,0.0,0.276,33.7,1008.2,17.3,45.6,0.48,27.3,
1/1/2026,0.06,0.0,0.276,33.7,1008.2,17.3,45.6,0.48,27.3,
1/1/2026,0.06,0.0,0.276,33.7,1008.2,17.3,45.6,0.48,27.3,
1/1/2026,0.06,0.0,0.276,33.7,1008.2,17.3,45.5,0.48,27.3,
1/1/2026,0.06,0.0,0.276,33.7,1008.2,17.3,45.5,0.48,27.3,
1/1/2026,0.06,0.0,0.276,33.7,1008.2,17.3,45.5,0.48,27.3,
1/1/2026,0.06,0.0,0.276,33.7,1008.2,17.3,45.5,0.48,27.3,
1/1/2026,0.06,0.0,0.276,33.7,1008.2,17.3,45.4,0.48,27.3,
1/2/2026,0.049,0.0,0.276,33.3,1008.2,6.8,45.4,0.55,27.5,
1/2/2026,0.049,0.0,0.276,33.3,1008.2,6.8,45.4,0.55,27.5,
1/2/2026,0.049,0.0,0.276,33.3,1008.2,6.8,45.3,0.55,27.5,
1/2/2026,0.049,0.0,0.276,33.3,1008.2,6.8,45.3,0.55,27.5,
1/2/2026,0.049,0.0,0.276,33.3,1008.2,6.8,45.3,0.55,27.5,
1/2/2026,0.049,0.0,0.276,33.3,1008.2,6.8,45.2,0.55,27.5,
1/2/2026,0.049,0.0,0.276,33.3,1008.2,6.8,45.2,0.55,27.5,
1/2/2026,0.049,0.0,0.276,33.3,1008.2,6.8,45.2,0.55,27.5,
1/2/2026,0.049,0.0,0.276,33.3,1008.2,6.8,45.2,0.55,27.5,
1/2/2026,0.049,0.0,0.276,33.3,1008.2,6.8,45.1,0.55,27.5,
1/2/2026,0.049,0.0,0.275,33.3,1008.2,6.8,45.1,0.55,27.5,
1/2/2026,0.049,0.0,0.275,33.3,1008.2,6.8,45.0,0.55,27.5,
1/2/2026,0.049,0.0,0.275,33.3,1008.2,6.8,45.0,0.55,27.5,
1/2/2026,0.049,0.0,0.275,33.3,1008.2,6.8,45.0,0.55,27.5,
1/2/2026,0.049,0.0,0.275,33.3,1008.2,6.8,44.9,0.55,27.5,
1/2/2026,0.049,0.0,0.275,33.3,1008.2,6.8,44.9,0.55,27.5,
1/2/2026,0.049,0.0,0.275,33.3,1008.2,6.8,44.9,0.55,27.5,
1/2/2026,0.049,0.0,0.275,33.3,1008.2,6.8,44.9,0.55,27.5,
1/2/2026,0.049,0.0,0.275,33.3,1008.2,6.8,44.9,0.55,27.5,
1/2/2026,0.049,0.0,0.275,33.3,1008.2,6.8,44.9,0.55,27.5,
1/2/2026,0.049,0.0,0.274,33.3,1008.2,6.8,44.8,0.55,27.5,
1/2/2026,0.049,0.0,0.274,33.3,1008.2,6.8,44.8,0.55,27.5,
1/2/2026,0.049,0.0,0.274,33.3,1008.2,6.8,44.8,0.55,27.5,
1/2/2026,0.049,0.0,0.274,33.3,1008.2,6.8,44.8,0.55,27.5,
1/3/2026,0.035,0.0,0.274,30.7,1013.6,6.6,44.8,0.4,24.9,
1/3/2026,0.035,0.0,0.274,30.7,1013.6,6.6,44.8,0.4,24.9,
1/3/2026,0.035,0.0,0.274,30.7,1013.6,6.6,44.7,0.4,24.9,
1/3/2026,0.035,0.0,0.274,30.7,1013.6,6.6,44.7,0.4,24.9,
1/3/2026,0.035,0.0,0.274,30.7,1013.6,6.6,44.7,0.4,24.9,
1/3/2026,0.035,0.0,0.274,30.7,1013.6,6.6,44.7,0.4,24.9,
1/3/2026,0.035,0.0,0.274,30.7,1013.6,6.6,44.7,0.4,24.9,
1/3/2026,0.035,0.0,0.274,30.7,1013.6,6.6,44.6,0.4,24.9,
1/3/2026,0.035,0.0,0.274,30.7,1013.6,6.6,44.6,0.4,24.9,
1/3/2026,0.035,0.0,0.274,30.7,1013.6,6.6,44.6,0.4,24.9,
1/3/2026,0.035,0.0,0.274,30.7,1013.6,6.6,44.5,0.4,24.9,
1/3/2026,0.035,0.0,0.274,30.7,1013.6,6.6,44.5,0.4,24.9,
1/3/2026,0.035,0.0,0.274,30.7,1013.6,6.6,44.5,0.4,24.9,
1/3/2026,0.035,0.0,0.274,30.7,1013.6,6.6,44.4,0.4,24.9,
1/3/2026,0.035,0.0,0.274,30.7,1013.6,6.6,44.4,0.4,24.9,
1/3/2026,0.035,0.0,0.274,30.7,1013.6,6.6,44.4,0.4,24.9,
1/3/2026,0.035,0.0,0.274,30.7,1013.6,6.6,44.4,0.4,24.9,
1/3/2026,0.035,0.0,0.274,30.7,1013.6,6.6,44.3,0.4,24.9,
1/3/2026,0.035,0.0,0.274,30.7,1013.6,6.6,44.3,0.4,24.9,
1/3/2026,0.035,0.0,0.274,30.7,1013.6,6.6,44.3,0.4,24.9,
1/3/2026,0.035,0.0,0.274,30.7,1013.6,6.6,44.3,0.4,24.9,
1/3/2026,0.035,0.0,0.274,30.7,1013.6,6.6,44.3,0.4,24.9,
1/3/2026,0.035,0.0,0.274,30.7,1013.6,6.6,44.3,0.4,24.9,
1/3/2026,0.035,0.0,0.274,30.7,1013.6,6.6,44.3,0.4,24.9,
1/4/2026,0.053,0.0,0.274,31.4,1017.1,8.8,44.3,0.54,25.1,
1/4/2026,0.053,0.0,0.274,31.4,1017.1,8.8,44.2,0.54,25.1,
1/4/2026,0.053,0.0,0.274,31.4,1017.1,8.8,44.2,0.54,25.1,
1/4/2026,0.053,0.0,0.274,31.4,1017.1,8.8,44.2,0.54,25.1,
1/4/2026,0.053,0.0,0.274,31.4,1017.1,8.8,44.1,0.54,25.1,
1/4/2026,0.053,0.0,0.274,31.4,1017.1,8.8,44.1,0.54,25.1,
1/4/2026,0.053,0.0,0.274,31.4,1017.1,8.8,44.1,0.54,25.1,
1/4/2026,0.053,0.0,0.274,31.4,1017.1,8.8,44.1,0.54,25.1,
1/4/2026,0.053,0.0,0.274,31.4,1017.1,8.8,44.0,0.54,25.1,
1/4/2026,0.053,0.0,0.274,31.4,1017.1,8.8,44.0,0.54,25.1,
1/4/2026,0.053,0.0,0.274,31.4,1017.1,8.8,44.0,0.54,25.1,
1/4/2026,0.053,0.0,0.274,31.4,1017.1,8.8,43.9,0.54,25.1,
1/4/2026,0.053,0.0,0.274,31.4,1017.1,8.8,43.9,0.54,25.1,
1/4/2026,0.053,0.0,0.274,31.4,1017.1,8.8,43.9,0.54,25.1,
1/4/2026,0.053,0.0,0.274,31.4,1017.1,8.8,43.9,0.54,25.1,
1/4/2026,0.053,0.0,0.274,31.4,1017.1,8.8,43.8,0.54,25.1,
1/4/2026,0.053,0.0,0.274,31.4,1017.1,8.8,43.8,0.54,25.1,
1/4/2026,0.053,0.0,0.274,31.4,1017.1,8.8,43.8,0.54,25.1,
1/4/2026,0.053,0.0,0.274,31.4,1017.1,8.8,43.8,0.54,25.1,
1/4/2026,0.053,0.0,0.274,31.4,1017.1,8.8,43.8,0.54,25.1,
1/4/2026,0.053,0.0,0.274,31.4,1017.1,8.8,43.8,0.54,25.1,
1/4/2026,0.053,0.0,0.274,31.4,1017.1,8.8,43.8,0.54,25.1,
1/4/2026,0.053,0.0,0.274,31.4,1017.1,8.8,43.8,0.54,25.1,
1/4/2026,0.053,0.0,0.274,31.4,1017.1,8.8,43.7,0.54,25.1,
1/5/2026,0.044,0.0,0.274,35.9,1019.8,10.0,43.7,0.39,31.5,
1/5/2026,0.044,0.0,0.274,35.9,1019.8,10.0,43.7,0.39,31.5,
1/5/2026,0.044,0.0,0.274,35.9,1019.8,10.0,43.7,0.39,31.5,
1/5/2026,0.044,0.0,0.274,35.9,1019.8,10.0,43.7,0.39,31.5,
1/5/2026,0.044,0.0,0.274,35.9,1019.8,10.0,43.6,0.39,31.5,
1/5/2026,0.044,0.0,0.274,35.9,1019.8,10.0,43.6,0.39,31.5,
1/5/2026,0.044,0.0,0.274,35.9,1019.8,10.0,43.6,0.39,31.5,
1/5/2026,0.044,0.0,0.274,35.9,1019.8,10.0,43.6,0.39,31.5,
1/5/2026,0.044,0.0,0.274,35.9,1019.8,10.0,43.6,0.39,31.5,
1/5/2026,0.044,0.0,0.274,35.9,1019.8,10.0,43.5,0.39,31.5,
1/5/2026,0.044,0.0,0.274,35.9,1019.8,10.0,43.5,0.39,31.5,
1/5/2026,0.044,0.0,0.274,35.9,1019.8,10.0,43.5,0.39,31.5,
1/5/2026,0.044,0.0,0.274,35.9,1019.8,10.0,43.4,0.39,31.5,
1/5/2026,0.044,0.0,0.274,35.9,1019.8,10.0,43.4,0.39,31.5,
1/5/2026,0.044,0.0,0.274,35.9,1019.8,10.0,43.4,0.39,31.5,
1/5/2026,0.044,0.0,0.274,35.9,1019.8,10.0,43.4,0.39,31.5,
1/5/2026,0.044,0.0,0.274,35.9,1019.8,10.0,43.4,0.39,31.5,
1/5/2026,0.044,0.0,0.274,35.9,1019.8,10.0,43.4,0.39,31.5,
1/5/2026,0.044,0.0,0.274,35.9,1019.8,10.0,43.4,0.39,31.5,
1/5/2026,0.044,0.0,0.274,35.9,1019.8,10.0,43.4,0.39,31.5,
1/5/2026,0.044,0.0,0.274,35.9,1019.8,10.0,43.4,0.39,31.5,
1/5/2026,0.044,0.0,0.274,35.9,1019.8,10.0,43.4,0.39,31.5,
1/5/2026,0.044,0.0,0.274,35.9,1019.8,10.0,43.4,0.39,31.5,
1/5/2026,0.044,0.0,0.274,35.9,1019.8,10.0,43.4,0.39,31.5,
1/6/2026,0.046,0.0,0.274,46.6,1009.8,8.3,43.4,0.47,43.3,
1/6/2026,0.046,0.0,0.274,46.6,1009.8,8.3,43.4,0.47,43.3,
1/6/2026,0.046,0.0,0.274,46.6,1009.8,8.3,43.4,0.47,43.3,
1/6/2026,0.046,0.0,0.274,46.6,1009.8,8.3,43.4,0.47,43.3,
1/6/2026,0.046,0.0,0.274,46.6,1009.8,8.3,43.4,0.47,43.3,
1/6/2026,0.046,0.0,0.273,46.6,1009.8,8.3,43.4,0.47,43.3,
1/6/2026,0.046,0.0,0.273,46.6,1009.8,8.3,43.4,0.47,43.3,
1/6/2026,0.046,0.0,0.273,46.6,1009.8,8.3,43.4,0.47,43.3,
1/6/2026,0.046,0.0,0.273,46.6,1009.8,8.3,43.4,0.47,43.3,
1/6/2026,0.046,0.0,0.273,46.6,1009.8,8.3,43.4,0.47,43.3,
1/6/2026,0.046,0.0,0.273,46.6,1009.8,8.3,43.4,0.47,43.3,
1/6/2026,0.046,0.0,0.273,46.6,1009.8,8.3,43.4,0.47,43.3,
1/6/2026,0.046,0.0,0.273,46.6,1009.8,8.3,43.4,0.47,43.3,
1/6/2026,0.046,0.0,0.273,46.6,1009.8,8.3,43.4,0.47,43.3,
1/6/2026,0.046,0.0,0.273,46.6,1009.8,8.3,43.4,0.47,43.3,
1/6/2026,0.046,0.0,0.273,46.6,1009.8,8.3,43.4,0.47,43.3,
1/6/2026,0.046,0.0,0.273,46.6,1009.8,8.3,43.5,0.47,43.3,
1/6/2026,0.046,0.0,0.273,46.6,1009.8,8.3,43.5,0.47,43.3,
1/6/2026,0.046,0.0,0.273,46.6,1009.8,8.3,43.5,0.47,43.3,
1/6/2026,0.046,0.0,0.274,46.6,1009.8,8.3,43.5,0.47,43.3,
1/6/2026,0.046,0.0,0.274,46.6,1009.8,8.3,43.6,0.47,43.3,
1/6/2026,0.046,0.0,0.274,46.6,1009.8,8.3,43.6,0.47,43.3,
1/6/2026,0.046,0.0,0.274,46.6,1009.8,8.3,43.7,0.47,43.3,
1/6/2026,0.046,0.0,0.274,46.6,1009.8,8.3,43.7,0.47,43.3,
1/7/2026,0.082,0.0,0.274,53.5,1008.1,12.8,43.7,1.06,46.9,
1/7/2026,0.082,0.0,0.274,53.5,1008.1,12.8,43.8,1.06,46.9,
1/7/2026,0.082,0.0,0.274,53.5,1008.1,12.8,43.8,1.06,46.9,
1/7/2026,0.082,0.0,0.274,53.5,1008.1,12.8,43.8,1.06,46.9,
1/7/2026,0.082,0.0,0.274,53.5,1008.1,12.8,43.9,1.06,46.9,
1/7/2026,0.082,0.0,0.274,53.5,1008.1,12.8,43.9,1.06,46.9,
1/7/2026,0.082,0.0,0.274,53.5,1008.1,12.8,44.0,1.06,46.9,
1/7/2026,0.082,0.0,0.274,53.5,1008.1,12.8,44.0,1.06,46.9,
1/7/2026,0.082,0.0,0.274,53.5,1008.1,12.8,44.0,1.06,46.9,
1/7/2026,0.082,0.0,0.274,53.5,1008.1,12.8,44.1,1.06,46.9,
1/7/2026,0.082,0.0,0.274,53.5,1008.1,12.8,44.1,1.06,46.9,
1/7/2026,0.082,0.0,0.274,53.5,1008.1,12.8,44.2,1.06,46.9,
1/7/2026,0.082,0.0,0.274,53.5,1008.1,12.8,44.2,1.06,46.9,
1/7/2026,0.082,0.0,0.274,53.5,1008.1,12.8,44.2,1.06,46.9,
1/7/2026,0.082,0.0,0.274,53.5,1008.1,12.8,44.3,1.06,46.9,
1/7/2026,0.082,0.0,0.274,53.5,1008.1,12.8,44.3,1.06,46.9,
1/7/2026,0.082,0.0,0.274,53.5,1008.1,12.8,44.3,1.06,46.9,
1/7/2026,0.082,0.0,0.274,53.5,1008.1,12.8,44.3,1.06,46.9,
1/7/2026,0.082,0.0,0.274,53.5,1008.1,12.8,44.4,1.06,46.9,
1/7/2026,0.082,0.0,0.268,53.5,1008.1,12.8,44.4,1.06,46.9,
1/7/2026,0.082,0.0,0.268,53.5,1008.1,12.8,44.5,1.06,46.9,
1/7/2026,0.082,0.0,0.268,53.5,1008.1,12.8,44.5,1.06,46.9,
1/7/2026,0.082,0.0,0.268,53.5,1008.1,12.8,44.6,1.06,46.9,
1/7/2026,0.082,0.0,0.268,53.5,1008.1,12.8,44.6,1.06,46.9,
1/8/2026,0.053,0.0,0.268,42.5,1020.7,6.2,44.7,0.69,38.4,
1/8/2026,0.053,0.0,0.268,42.5,1020.7,6.2,44.7,0.69,38.4,
1/8/2026,0.053,0.0,0.268,42.5,1020.7,6.2,44.7,0.69,38.4,
1/8/2026,0.053,0.0,0.268,42.5,1020.7,6.2,44.7,0.69,38.4,
1/8/2026,0.053,0.0,0.268,42.5,1020.7,6.2,44.8,0.69,38.4,
1/8/2026,0.053,0.0,0.268,42.5,1020.7,6.2,44.8,0.69,38.4,
1/8/2026,0.053,0.0,0.268,42.5,1020.7,6.2,44.8,0.69,38.4,
1/8/2026,0.053,0.0,0.268,42.5,1020.7,6.2,44.8,0.69,38.4,
1/8/2026,0.053,0.0,0.268,42.5,1020.7,6.2,44.9,0.69,38.4,
1/8/2026,0.053,0.0,0.268,42.5,1020.7,6.2,44.9,0.69,38.4,
1/8/2026,0.053,0.0,0.268,42.5,1020.7,6.2,44.9,0.69,38.4,
1/8/2026,0.053,0.0,0.268,42.5,1020.7,6.2,44.9,0.69,38.4,
1/8/2026,0.053,0.0,0.268,42.5,1020.7,6.2,44.9,0.69,38.4,
1/8/2026,0.053,0.0,0.268,42.5,1020.7,6.2,44.9,0.69,38.4,
1/8/2026,0.053,0.0,0.268,42.5,1020.7,6.2,44.9,0.69,38.4,
1/8/2026,0.053,0.0,0.268,42.5,1020.7,6.2,45.0,0.69,38.4,
1/8/2026,0.053,0.0,0.268,42.5,1020.7,6.2,45.0,0.69,38.4,
1/8/2026,0.053,0.0,0.268,42.5,1020.7,6.2,45.0,0.69,38.4,
1/8/2026,0.053,0.0,0.268,42.5,1020.7,6.2,45.0,0.69,38.4,
1/8/2026,0.053,0.0,0.269,42.5,1020.7,6.2,45.0,0.69,38.4,
1/8/2026,0.053,0.0,0.269,42.5,1020.7,6.2,45.0,0.69,38.4,
1/8/2026,0.053,0.0,0.269,42.5,1020.7,6.2,45.1,0.69,38.4,
1/8/2026,0.053,0.0,0.269,42.5,1020.7,6.2,45.1,0.69,38.4,
1/8/2026,0.053,0.0,0.269,42.5,1020.7,6.2,45.1,0.69,38.4,
1/9/2026,0.049,0.0,0.269,49.4,1021.0,11.3,45.1,0.45,46.5,
1/9/2026,0.049,0.0,0.269,49.4,1021.0,11.3,45.1,0.45,46.5,
1/9/2026,0.049,0.0,0.269,49.4,1021.0,11.3,45.1,0.45,46.5,
1/9/2026,0.049,0.0,0.269,49.4,1021.0,11.3,45.1,0.45,46.5,
1/9/2026,0.049,0.0,0.269,49.4,1021.0,11.3,45.2,0.45,46.5,
1/9/2026,0.049,0.0,0.269,49.4,1021.0,11.3,45.2,0.45,46.5,
1/9/2026,0.049,0.0,0.269,49.4,1021.0,11.3,45.2,0.45,46.5,
1/9/2026,0.049,0.0,0.269,49.4,1021.0,11.3,45.2,0.45,46.5,
1/9/2026,0.049,0.0,0.269,49.4,1021.0,11.3,45.2,0.45,46.5,
1/9/2026,0.049,0.0,0.269,49.4,1021.0,11.3,45.2,0.45,46.5,
1/9/2026,0.049,0.0,0.269,49.4,1021.0,11.3,45.2,0.45,46.5,
1/9/2026,0.049,0.0,0.269,49.4,1021.0,11.3,45.2,0.45,46.5,
1/9/2026,0.049,0.0,0.269,49.4,1021.0,11.3,45.2,0.45,46.5,
1/9/2026,0.049,0.0,0.269,49.4,1021.0,11.3,45.2,0.45,46.5,
1/9/2026,0.049,0.0,0.269,49.4,1021.0,11.3,45.2,0.45,46.5,
1/9/2026,0.049,0.0,0.269,49.4,1021.0,11.3,45.2,0.45,46.5,
1/9/2026,0.049,0.0,0.269,49.4,1021.0,11.3,45.2,0.45,46.5,
1/9/2026,0.049,0.0,0.269,49.4,1021.0,11.3,45.2,0.45,46.5,
1/9/2026,0.049,0.0,0.269,49.4,1021.0,11.3,45.2,0.45,46.5,
1/9/2026,0.049,0.0,0.266,49.4,1021.0,11.3,45.2,0.45,46.5,
1/9/2026,0.049,0.0,0.266,49.4,1021.0,11.3,45.2,0.45,46.5,
1/9/2026,0.049,0.0,0.266,49.4,1021.0,11.3,45.3,0.45,46.5,
1/9/2026,0.049,0.0,0.266,49.4,1021.0,11.3,45.3,0.45,46.5,
1/9/2026,0.049,0.0,0.266,49.4,1021.0,11.3,45.3,0.45,46.5,
1/10/2026,0.014,0.339,0.266,56.3,1014.9,11.8,45.3,0.33,54.7,
1/10/2026,0.014,0.339,0.266,56.3,1014.9,11.8,45.4,0.33,54.7,
1/10/2026,0.014,0.339,0.266,56.3,1014.9,11.8,45.4,0.33,54.7,
1/10/2026,0.014,0.339,0.266,56.3,1014.9,11.8,45.4,0.33,54.7,
1/10/2026,0.014,0.339,0.266,56.3,1014.9,11.8,45.5,0.33,54.7,
1/10/2026,0.014,0.339,0.266,56.3,1014.9,11.8,45.5,0.33,54.7,
1/10/2026,0.014,0.339,0.266,56.3,1014.9,11.8,45.6,0.33,54.7,
1/10/2026,0.014,0.339,0.266,56.3,1014.9,11.8,45.6,0.33,54.7,
1/10/2026,0.014,0.339,0.266,56.3,1014.9,11.8,45.6,0.33,54.7,
1/10/2026,0.014,0.339,0.266,56.3,1014.9,11.8,45.7,0.33,54.7,
1/10/2026,0.014,0.339,0.266,56.3,1014.9,11.8,45.7,0.33,54.7,
1/10/2026,0.014,0.339,0.266,56.3,1014.9,11.8,45.8,0.33,54.7,
1/10/2026,0.014,0.339,0.266,56.3,1014.9,11.8,45.8,0.33,54.7,
1/10/2026,0.014,0.339,0.266,56.3,1014.9,11.8,45.9,0.33,54.7,
1/10/2026,0.014,0.339,0.266,56.3,1014.9,11.8,45.9,0.33,54.7,
1/10/2026,0.014,0.339,0.266,56.3,1014.9,11.8,45.9,0.33,54.7,
1/10/2026,0.014,0.339,0.266,56.3,1014.9,11.8,46.0,0.33,54.7,
1/10/2026,0.014,0.339,0.266,56.3,1014.9,11.8,46.0,0.33,54.7,
1/10/2026,0.014,0.339,0.266,56.3,1014.9,11.8,46.1,0.33,54.7,
1/10/2026,0.014,0.339,0.266,56.3,1014.9,11.8,46.1,0.33,54.7,
1/10/2026,0.014,0.339,0.266,56.3,1014.9,11.8,46.1,0.33,54.7,
1/10/2026,0.014,0.339,0.267,56.3,1014.9,11.8,46.1,0.33,54.7,
1/10/2026,0.014,0.339,0.267,56.3,1014.9,11.8,46.2,0.33,54.7,
1/10/2026,0.014,0.339,0.267,56.3,1014.9,11.8,46.2,0.33,54.7,
1/11/2026,0.053,0.012,0.267,46.3,1011.8,17.9,46.3,0.54,40.8,
1/11/2026,0.053,0.012,0.267,46.3,1011.8,17.9,46.3,0.54,40.8,
1/11/2026,0.053,0.012,0.267,46.3,1011.8,17.9,46.4,0.54,40.8,
1/11/2026,0.053,0.012,0.267,46.3,1011.8,17.9,46.4,0.54,40.8,
1/11/2026,0.053,0.012,0.267,46.3,1011.8,17.9,46.5,0.54,40.8,
1/11/2026,0.053,0.012,0.267,46.3,1011.8,17.9,46.6,0.54,40.8,
1/11/2026,0.053,0.012,0.267,46.3,1011.8,17.9,46.6,0.54,40.8,
1/11/2026,0.053,0.012,0.267,46.3,1011.8,17.9,46.7,0.54,40.8,
1/11/2026,0.053,0.012,0.267,46.3,1011.8,17.9,46.7,0.54,40.8,
1/11/2026,0.053,0.012,0.267,46.3,1011.8,17.9,46.8,0.54,40.8,
1/11/2026,0.053,0.012,0.267,46.3,1011.8,17.9,46.8,0.54,40.8,
1/11/2026,0.053,0.012,0.267,46.3,1011.8,17.9,46.9,0.54,40.8,
1/11/2026,0.053,0.012,0.267,46.3,1011.8,17.9,46.9,0.54,40.8,
1/11/2026,0.053,0.012,0.267,46.3,1011.8,17.9,47.0,0.54,40.8,
1/11/2026,0.053,0.012,0.267,46.3,1011.8,17.9,47.0,0.54,40.8,
1/11/2026,0.053,0.012,0.267,46.3,1011.8,17.9,47.0,0.54,40.8,
1/11/2026,0.053,0.012,0.267,46.3,1011.8,17.9,47.0,0.54,40.8,
1/11/2026,0.053,0.012,0.267,46.3,1011.8,17.9,47.1,0.54,40.8,
1/11/2026,0.053,0.012,0.267,46.3,1011.8,17.9,47.1,0.54,40.8,
1/11/2026,0.053,0.012,0.268,46.3,1011.8,17.9,47.1,0.54,40.8,
1/11/2026,0.053,0.012,0.268,46.3,1011.8,17.9,47.2,0.54,40.8,
1/11/2026,0.053,0.012,0.268,46.3,1011.8,17.9,47.2,0.54,40.8,
1/11/2026,0.053,0.012,0.268,46.3,1011.8,17.9,47.2,0.54,40.8,
1/11/2026,0.053,0.012,0.268,46.3,1011.8,17.9,47.2,0.54,40.8,
1/12/2026,0.067,0.0,0.268,36.4,1022.9,13.2,47.3,0.67,30.0,
1/12/2026,0.067,0.0,0.268,36.4,1022.9,13.2,47.3,0.67,30.0,
1/12/2026,0.067,0.0,0.268,36.4,1022.9,13.2,47.3,0.67,30.0,
1/12/2026,0.067,0.0,0.268,36.4,1022.9,13.2,47.3,0.67,30.0,
1/12/2026,0.067,0.0,0.268,36.4,1022.9,13.2,47.3,0.67,30.0,
1/12/2026,0.067,0.0,0.268,36.4,1022.9,13.2,47.3,0.67,30.0,
1/12/2026,0.067,0.0,0.268,36.4,1022.9,13.2,47.3,0.67,30.0,
1/12/2026,0.067,0.0,0.268,36.4,1022.9,13.2,47.3,0.67,30.0,
1/12/2026,0.067,0.0,0.268,36.4,1022.9,13.2,47.3,0.67,30.0,
1/12/2026,0.067,0.0,0.268,36.4,1022.9,13.2,47.3,0.67,30.0,
1/12/2026,0.067,0.0,0.268,36.4,1022.9,13.2,47.3,0.67,30.0,
1/12/2026,0.067,0.0,0.268,36.4,1022.9,13.2,47.3,0.67,30.0,
1/12/2026,0.067,0.0,0.269,36.4,1022.9,13.2,47.3,0.67,30.0,
1/12/2026,0.067,0.0,0.269,36.4,1022.9,13.2,47.3,0.67,30.0,
1/12/2026,0.067,0.0,0.269,36.4,1022.9,13.2,47.3,0.67,30.0,
1/12/2026,0.067,0.0,0.269,36.4,1022.9,13.2,47.3,0.67,30.0,
1/12/2026,0.067,0.0,0.269,36.4,1022.9,13.2,47.3,0.67,30.0,
1/12/2026,0.067,0.0,0.269,36.4,1022.9,13.2,47.3,0.67,30.0,
1/12/2026,0.067,0.0,0.269,36.4,1022.9,13.2,47.3,0.67,30.0,
1/12/2026,0.067,0.0,0.268,36.4,1022.9,13.2,47.3,0.67,30.0,
1/12/2026,0.067,0.0,0.268,36.4,1022.9,13.2,47.2,0.67,30.0,
1/12/2026,0.067,0.0,0.268,36.4,1022.9,13.2,47.2,0.67,30.0,
1/12/2026,0.067,0.0,0.268,36.4,1022.9,13.2,47.2,0.67,30.0,
1/12/2026,0.067,0.0,0.268,36.4,1022.9,13.2,47.2,0.67,30.0,
1/13/2026,0.072,0.0,0.268,40.2,1015.9,10.3,47.2,0.88,33.8,
1/13/2026,0.072,0.0,0.268,40.2,1015.9,10.3,47.2,0.88,33.8,
1/13/2026,0.072,0.0,0.268,40.2,1015.9,10.3,47.2,0.88,33.8,
1/13/2026,0.072,0.0,0.268,40.2,1015.9,10.3,47.2,0.88,33.8,
1/13/2026,0.072,0.0,0.268,40.2,1015.9,10.3,47.1,0.88,33.8,
1/13/2026,0.072,0.0,0.268,40.2,1015.9,10.3,47.1,0.88,33.8,
1/13/2026,0.072,0.0,0.268,40.2,1015.9,10.3,47.1,0.88,33.8,
1/13/2026,0.072,0.0,0.268,40.2,1015.9,10.3,47.1,0.88,33.8,
1/13/2026,0.072,0.0,0.268,40.2,1015.9,10.3,47.0,0.88,33.8,
1/13/2026,0.072,0.0,0.268,40.2,1015.9,10.3,47.0,0.88,33.8,
1/13/2026,0.072,0.0,0.268,40.2,1015.9,10.3,47.0,0.88,33.8,
1/13/2026,0.072,0.0,0.268,40.2,1015.9,10.3,47.0,0.88,33.8,
1/13/2026,0.072,0.0,0.268,40.2,1015.9,10.3,47.0,0.88,33.8,
1/13/2026,0.072,0.0,0.268,40.2,1015.9,10.3,47.0,0.88,33.8,
1/13/2026,0.072,0.0,0.268,40.2,1015.9,10.3,47.0,0.88,33.8,
1/13/2026,0.072,0.0,0.268,40.2,1015.9,10.3,47.0,0.88,33.8,
1/13/2026,0.072,0.0,0.268,40.2,1015.9,10.3,47.0,0.88,33.8,
1/13/2026,0.072,0.0,0.268,40.2,1015.9,10.3,47.0,0.88,33.8,
1/13/2026,0.072,0.0,0.268,40.2,1015.9,10.3,46.9,0.88,33.8,
1/13/2026,0.072,0.0,0.268,40.2,1015.9,10.3,46.9,0.88,33.8,
1/13/2026,0.072,0.0,0.268,40.2,1015.9,10.3,46.9,0.88,33.8,
1/13/2026,0.072,0.0,0.268,40.2,1015.9,10.3,46.9,0.88,33.8,
1/13/2026,0.072,0.0,0.268,40.2,1015.9,10.3,46.9,0.88,33.8,
1/13/2026,0.072,0.0,0.268,40.2,1015.9,10.3,46.9,0.88,33.8,
1/14/2026,0.072,0.004,0.268,45.2,1002.9,12.8,46.9,0.84,37.3,
1/14/2026,0.072,0.004,0.268,45.2,1002.9,12.8,46.9,0.84,37.3,
1/14/2026,0.072,0.004,0.268,45.2,1002.9,12.8,46.9,0.84,37.3,
1/14/2026,0.072,0.004,0.268,45.2,1002.9,12.8,46.9,0.84,37.3,
1/14/2026,0.072,0.004,0.268,45.2,1002.9,12.8,46.9,0.84,37.3,
1/14/2026,0.072,0.004,0.268,45.2,1002.9,12.8,46.9,0.84,37.3,
1/14/2026,0.072,0.004,0.268,45.2,1002.9,12.8,46.9,0.84,37.3,
1/14/2026,0.072,0.004,0.268,45.2,1002.9,12.8,46.9,0.84,37.3,
1/14/2026,0.072,0.004,0.268,45.2,1002.9,12.8,46.9,0.84,37.3,
1/14/2026,0.072,0.004,0.268,45.2,1002.9,12.8,46.9,0.84,37.3,
1/14/2026,0.072,0.004,0.268,45.2,1002.9,12.8,46.9,0.84,37.3,
1/14/2026,0.072,0.004,0.268,45.2,1002.9,12.8,46.9,0.84,37.3,
1/14/2026,0.072,0.004,0.268,45.2,1002.9,12.8,46.9,0.84,37.3,
1/14/2026,0.072,0.004,0.268,45.2,1002.9,12.8,46.9,0.84,37.3,
1/14/2026,0.072,0.004,0.268,45.2,1002.9,12.8,46.9,0.84,37.3,
1/14/2026,0.072,0.004,0.268,45.2,1002.9,12.8,47.0,0.84,37.3,
1/14/2026,0.072,0.004,0.268,45.2,1002.9,12.8,47.0,0.84,37.3,
1/14/2026,0.072,0.004,0.268,45.2,1002.9,12.8,47.0,0.84,37.3,
1/14/2026,0.072,0.004,0.268,45.2,1002.9,12.8,47.0,0.84,37.3,
1/14/2026,0.072,0.004,0.27,45.2,1002.9,12.8,47.0,0.84,37.3,
1/14/2026,0.072,0.004,0.27,45.2,1002.9,12.8,47.0,0.84,37.3,
1/14/2026,0.072,0.004,0.27,45.2,1002.9,12.8,47.0,0.84,37.3,
1/14/2026,0.072,0.004,0.27,45.2,1002.9,12.8,47.0,0.84,37.3,
1/14/2026,0.072,0.004,0.27,45.2,1002.9,12.8,47.0,0.84,37.3,
1/15/2026,0.071,0.0,0.27,37.4,999.6,18.7,47.0,0.47,31.1,
1/15/2026,0.071,0.0,0.27,37.4,999.6,18.7,47.0,0.47,31.1,
1/15/2026,0.071,0.0,0.27,37.4,999.6,18.7,47.0,0.47,31.1,
1/15/2026,0.071,0.0,0.27,37.4,999.6,18.7,47.0,0.47,31.1,
1/15/2026,0.071,0.0,0.27,37.4,999.6,18.7,47.0,0.47,31.1,
1/15/2026,0.071,0.0,0.27,37.4,999.6,18.7,47.0,0.47,31.1,
1/15/2026,0.071,0.0,0.27,37.4,999.6,18.7,47.0,0.47,31.1,
1/15/2026,0.071,0.0,0.27,37.4,999.6,18.7,47.0,0.47,31.1,
1/15/2026,0.071,0.0,0.27,37.4,999.6,18.7,47.1,0.47,31.1,
1/15/2026,0.071,0.0,0.27,37.4,999.6,18.7,47.1,0.47,31.1,
1/15/2026,0.071,0.0,0.27,37.4,999.6,18.7,47.1,0.47,31.1,
1/15/2026,0.071,0.0,0.27,37.4,999.6,18.7,47.1,0.47,31.1,
1/15/2026,0.071,0.0,0.27,37.4,999.6,18.7,47.1,0.47,31.1,
1/15/2026,0.071,0.0,0.27,37.4,999.6,18.7,47.1,0.47,31.1,
1/15/2026,0.071,0.0,0.27,37.4,999.6,18.7,47.1,0.47,31.1,
1/15/2026,0.071,0.0,0.27,37.4,999.6,18.7,47.1,0.47,31.1,
1/15/2026,0.071,0.0,0.27,37.4,999.6,18.7,47.1,0.47,31.1,
1/15/2026,0.071,0.0,0.27,37.4,999.6,18.7,47.1,0.47,31.1,
1/15/2026,0.071,0.0,0.27,37.4,999.6,18.7,47.1,0.47,31.1,
1/15/2026,0.071,0.0,0.27,37.4,999.6,18.7,47.1,0.47,31.1,
1/15/2026,0.071,0.0,0.27,37.4,999.6,18.7,47.1,0.47,31.1,
1/15/2026,0.071,0.0,0.27,37.4,999.6,18.7,47.0,0.47,31.1,
1/15/2026,0.071,0.0,0.27,37.4,999.6,18.7,47.0,0.47,31.1,
1/15/2026,0.071,0.0,0.27,37.4,999.6,18.7,47.0,0.47,31.1,
1/16/2026,0.074,0.0,0.27,31.6,1014.2,16.6,47.0,0.56,24.7,
1/16/2026,0.074,0.0,0.27,31.6,1014.2,16.6,47.0,0.56,24.7,
1/16/2026,0.074,0.0,0.27,31.6,1014.2,16.6,47.0,0.56,24.7,
1/16/2026,0.074,0.0,0.27,31.6,1014.2,16.6,46.9,0.56,24.7,
1/16/2026,0.074,0.0,0.27,31.6,1014.2,16.6,46.9,0.56,24.7,
1/16/2026,0.074,0.0,0.27,31.6,1014.2,16.6,46.9,0.56,24.7,
1/16/2026,0.074,0.0,0.27,31.6,1014.2,16.6,46.8,0.56,24.7,
1/16/2026,0.074,0.0,0.27,31.6,1014.2,16.6,46.7,0.56,24.7,
1/16/2026,0.074,0.0,0.27,31.6,1014.2,16.6,46.7,0.56,24.7,
1/16/2026,0.074,0.0,0.27,31.6,1014.2,16.6,46.6,0.56,24.7,
1/16/2026,0.074,0.0,0.27,31.6,1014.2,16.6,46.6,0.56,24.7,
1/16/2026,0.074,0.0,0.27,31.6,1014.2,16.6,46.5,0.56,24.7,
1/16/2026,0.074,0.0,0.27,31.6,1014.2,16.6,46.4,0.56,24.7,
1/16/2026,0.074,0.0,0.27,31.6,1014.2,16.6,46.4,0.56,24.7,
1/16/2026,0.074,0.0,0.27,31.6,1014.2,16.6,46.3,0.56,24.7,
1/16/2026,0.074,0.0,0.27,31.6,1014.2,16.6,46.3,0.56,24.7,
1/16/2026,0.074,0.0,0.27,31.6,1014.2,16.6,46.2,0.56,24.7,
1/16/2026,0.074,0.0,0.27,31.6,1014.2,16.6,46.2,0.56,24.7,
1/16/2026,0.074,0.0,0.27,31.6,1014.2,16.6,46.2,0.56,24.7,
1/16/2026,0.074,0.0,0.27,31.6,1014.2,16.6,46.1,0.56,24.7,
1/16/2026,0.074,0.0,0.27,31.6,1014.2,16.6,46.1,0.56,24.7,
1/16/2026,0.074,0.0,0.27,31.6,1014.2,16.6,46.1,0.56,24.7,
1/16/2026,0.074,0.0,0.27,31.6,1014.2,16.6,46.1,0.56,24.7,
1/16/2026,0.074,0.0,0.27,31.6,1014.2,16.6,46.1,0.56,24.7,
1/17/2026,0.094,0.0,0.27,42.2,1017.1,12.5,46.0,1.22,33.1,
1/17/2026,0.094,0.0,0.27,42.2,1017.1,12.5,46.0,1.22,33.1,
1/17/2026,0.094,0.0,0.27,42.2,1017.1,12.5,45.9,1.22,33.1,
1/17/2026,0.094,0.0,0.27,42.2,1017.1,12.5,45.9,1.22,33.1,
1/17/2026,0.094,0.0,0.27,42.2,1017.1,12.5,45.8,1.22,33.1,
1/17/2026,0.094,0.0,0.27,42.2,1017.1,12.5,45.8,1.22,33.1,
1/17/2026,0.094,0.0,0.27,42.2,1017.1,12.5,45.7,1.22,33.1,
1/17/2026,0.094,0.0,0.27,42.2,1017.1,12.5,45.7,1.22,33.1,
1/17/2026,0.094,0.0,0.27,42.2,1017.1,12.5,45.7,1.22,33.1,
1/17/2026,0.094,0.0,0.27,42.2,1017.1,12.5,45.6,1.22,33.1,
1/17/2026,0.094,0.0,0.27,42.2,1017.1,12.5,45.6,1.22,33.1,
1/17/2026,0.094,0.0,0.27,42.2,1017.1,12.5,45.5,1.22,33.1,
1/17/2026,0.094,0.0,0.27,42.2,1017.1,12.5,45.5,1.22,33.1,
1/17/2026,0.094,0.0,0.27,42.2,1017.1,12.5,45.5,1.22,33.1,
1/17/2026,0.094,0.0,0.27,42.2,1017.1,12.5,45.5,1.22,33.1,
1/17/2026,0.094,0.0,0.27,42.2,1017.1,12.5,45.5,1.22,33.1,
1/17/2026,0.094,0.0,0.27,42.2,1017.1,12.5,45.5,1.22,33.1,
1/17/2026,0.094,0.0,0.27,42.2,1017.1,12.5,45.5,1.22,33.1,
1/17/2026,0.094,0.0,0.27,42.2,1017.1,12.5,45.5,1.22,33.1,
1/17/2026,0.094,0.0,0.273,42.2,1017.1,12.5,45.5,1.22,33.1,
1/17/2026,0.094,0.0,0.273,42.2,1017.1,12.5,45.5,1.22,33.1,
1/17/2026,0.094,0.0,0.273,42.2,1017.1,12.5,45.5,1.22,33.1,
1/17/2026,0.094,0.0,0.273,42.2,1017.1,12.5,45.5,1.22,33.1,
1/17/2026,0.094,0.0,0.273,42.2,1017.1,12.5,45.5,1.22,33.1,
1/18/2026,0.016,0.311,0.273,39.1,1012.0,10.9,45.5,0.26,37.1,
1/18/2026,0.016,0.311,0.273,39.1,1012.0,10.9,45.5,0.26,37.1,
1/18/2026,0.016,0.311,0.273,39.1,1012.0,10.9,45.5,0.26,37.1,
1/18/2026,0.016,0.311,0.273,39.1,1012.0,10.9,45.5,0.26,37.1,
1/18/2026,0.016,0.311,0.273,39.1,1012.0,10.9,45.5,0.26,37.1,
1/18/2026,0.016,0.311,0.273,39.1,1012.0,10.9,45.5,0.26,37.1,
1/18/2026,0.016,0.311,0.273,39.1,1012.0,10.9,45.5,0.26,37.1,
1/18/2026,0.016,0.311,0.273,39.1,1012.0,10.9,45.5,0.26,37.1,
1/18/2026,0.016,0.311,0.273,39.1,1012.0,10.9,45.5,0.26,37.1,
1/18/2026,0.016,0.311,0.273,39.1,1012.0,10.9,45.5,0.26,37.1,
1/18/2026,0.016,0.311,0.273,39.1,1012.0,10.9,45.5,0.26,37.1,
1/18/2026,0.016,0.311,0.273,39.1,1012.0,10.9,45.5,0.26,37.1,
1/18/2026,0.016,0.311,0.273,39.1,1012.0,10.9,45.5,0.26,37.1,
1/18/2026,0.016,0.311,0.273,39.1,1012.0,10.9,45.5,0.26,37.1,
1/18/2026,0.016,0.311,0.273,39.1,1012.0,10.9,45.5,0.26,37.1,
1/18/2026,0.016,0.311,0.273,39.1,1012.0,10.9,45.5,0.26,37.1,
1/18/2026,0.016,0.311,0.273,39.1,1012.0,10.9,45.5,0.26,37.1,
1/18/2026,0.016,0.311,0.273,39.1,1012.0,10.9,45.5,0.26,37.1,
1/18/2026,0.016,0.311,0.274,39.1,1012.0,10.9,45.5,0.26,37.1,
1/18/2026,0.016,0.311,0.274,39.1,1012.0,10.9,45.5,0.26,37.1,
1/18/2026,0.016,0.311,0.274,39.1,1012.0,10.9,45.5,0.26,37.1,
1/18/2026,0.016,0.311,0.274,39.1,1012.0,10.9,45.5,0.26,37.1,
1/18/2026,0.016,0.311,0.275,39.1,1012.0,10.9,45.5,0.26,37.1,
1/18/2026,0.016,0.311,0.275,39.1,1012.0,10.9,45.4,0.26,37.1,
1/19/2026,0.059,0.0,0.275,33.8,1015.0,13.5,45.4,0.52,28.3,
1/19/2026,0.059,0.0,0.275,33.8,1015.0,13.5,45.4,0.52,28.3,
1/19/2026,0.059,0.0,0.276,33.8,1015.0,13.5,45.4,0.52,28.3,
1/19/2026,0.059,0.0,0.276,33.8,1015.0,13.5,45.3,0.52,28.3,
1/19/2026,0.059,0.0,0.276,33.8,1015.0,13.5,45.3,0.52,28.3,
1/19/2026,0.059,0.0,0.277,33.8,1015.0,13.5,45.3,0.52,28.3,
1/19/2026,0.059,0.0,0.277,33.8,1015.0,13.5,45.2,0.52,28.3,
1/19/2026,0.059,0.0,0.277,33.8,1015.0,13.5,45.2,0.52,28.3,
1/19/2026,0.059,0.0,0.277,33.8,1015.0,13.5,45.2,0.52,28.3,
1/19/2026,0.059,0.0,0.278,33.8,1015.0,13.5,45.2,0.52,28.3,
1/19/2026,0.059,0.0,0.278,33.8,1015.0,13.5,45.1,0.52,28.3,
1/19/2026,0.059,0.0,0.278,33.8,1015.0,13.5,45.1,0.52,28.3,
1/19/2026,0.059,0.0,0.278,33.8,1015.0,13.5,45.0,0.52,28.3,
1/19/2026,0.059,0.0,0.279,33.8,1015.0,13.5,45.0,0.52,28.3,
1/19/2026,0.059,0.0,0.279,33.8,1015.0,13.5,45.0,0.52,28.3,
1/19/2026,0.059,0.0,0.279,33.8,1015.0,13.5,45.0,0.52,28.3,
1/19/2026,0.059,0.0,0.279,33.8,1015.0,13.5,44.9,0.52,28.3,
1/19/2026,0.059,0.0,0.279,33.8,1015.0,13.5,44.9,0.52,28.3,
1/19/2026,0.059,0.0,0.28,33.8,1015.0,13.5,44.9,0.52,28.3,
1/19/2026,0.059,0.0,0.279,33.8,1015.0,13.5,44.8,0.52,28.3,
1/19/2026,0.059,0.0,0.279,33.8,1015.0,13.5,44.8,0.52,28.3,
1/19/2026,0.059,0.0,0.28,33.8,1015.0,13.5,44.8,0.52,28.3,
1/19/2026,0.059,0.0,0.28,33.8,1015.0,13.5,44.8,0.52,28.3,
1/19/2026,0.059,0.0,0.28,33.8,1015.0,13.5,44.7,0.52,28.3,
1/20/2026,0.054,0.0,0.28,27.5,1025.8,9.5,44.7,0.42,21.6,
1/20/2026,0.054,0.0,0.28,27.5,1025.8,9.5,44.7,0.42,21.6,
1/20/2026,0.054,0.0,0.281,27.5,1025.8,9.5,44.6,0.42,21.6,
1/20/2026,0.054,0.0,0.281,27.5,1025.8,9.5,44.6,0.42,21.6,
1/20/2026,0.054,0.0,0.281,27.5,1025.8,9.5,44.6,0.42,21.6,
1/20/2026,0.054,0.0,0.281,27.5,1025.8,9.5,44.6,0.42,21.6,
1/20/2026,0.054,0.0,0.281,27.5,1025.8,9.5,44.5,0.42,21.6,
1/20/2026,0.054,0.0,0.281,27.5,1025.8,9.5,44.5,0.42,21.6,
1/20/2026,0.054,0.0,0.282,27.5,1025.8,9.5,44.4,0.42,21.6,
1/20/2026,0.054,0.0,0.282,27.5,1025.8,9.5,44.4,0.42,21.6,
1/20/2026,0.054,0.0,0.282,27.5,1025.8,9.5,44.4,0.42,21.6,
1/20/2026,0.054,0.0,0.282,27.5,1025.8,9.5,44.3,0.42,21.6,
1/20/2026,0.054,0.0,0.282,27.5,1025.8,9.5,44.3,0.42,21.6,
1/20/2026,0.054,0.0,0.282,27.5,1025.8,9.5,44.3,0.42,21.6,
1/20/2026,0.054,0.0,0.282,27.5,1025.8,9.5,44.3,0.42,21.6,
1/20/2026,0.054,0.0,0.282,27.5,1025.8,9.5,44.3,0.42,21.6,
1/20/2026,0.054,0.0,0.283,27.5,1025.8,9.5,44.3,0.42,21.6,
1/20/2026,0.054,0.0,0.283,27.5,1025.8,9.5,44.2,0.42,21.6,
1/20/2026,0.054,0.0,0.283,27.5,1025.8,9.5,44.2,0.42,21.6,
1/20/2026,0.054,0.0,0.283,27.5,1025.8,9.5,44.2,0.42,21.6,
1/20/2026,0.054,0.0,0.283,27.5,1025.8,9.5,44.1,0.42,21.6,
1/20/2026,0.054,0.0,0.283,27.5,1025.8,9.5,44.1,0.42,21.6,
1/20/2026,0.054,0.0,0.283,27.5,1025.8,9.5,44.1,0.42,21.6,
1/20/2026,0.054,0.0,0.284,27.5,1025.8,9.5,44.0,0.42,21.6,
1/21/2026,0.066,0.0,0.284,31.3,1028.5,11.1,44.0,0.68,25.0,
1/21/2026,0.066,0.0,0.284,31.3,1028.5,11.1,44.0,0.68,25.0,
1/21/2026,0.066,0.0,0.284,31.3,1028.5,11.1,43.9,0.68,25.0,
1/21/2026,0.066,0.0,0.284,31.3,1028.5,11.1,43.9,0.68,25.0,
1/21/2026,0.066,0.0,0.284,31.3,1028.5,11.1,43.9,0.68,25.0,
1/21/2026,0.066,0.0,0.284,31.3,1028.5,11.1,43.8,0.68,25.0,
1/21/2026,0.066,0.0,0.284,31.3,1028.5,11.1,43.8,0.68,25.0,
1/21/2026,0.066,0.0,0.284,31.3,1028.5,11.1,43.8,0.68,25.0,
1/21/2026,0.066,0.0,0.284,31.3,1028.5,11.1,43.7,0.68,25.0,
1/21/2026,0.066,0.0,0.284,31.3,1028.5,11.1,43.7,0.68,25.0,
1/21/2026,0.066,0.0,0.285,31.3,1028.5,11.1,43.6,0.68,25.0,
1/21/2026,0.066,0.0,0.285,31.3,1028.5,11.1,43.6,0.68,25.0,
1/21/2026,0.066,0.0,0.285,31.3,1028.5,11.1,43.5,0.68,25.0,
1/21/2026,0.066,0.0,0.285,31.3,1028.5,11.1,43.5,0.68,25.0,
1/21/2026,0.066,0.0,0.285,31.3,1028.5,11.1,43.5,0.68,25.0,
1/21/2026,0.066,0.0,0.285,31.3,1028.5,11.1,43.4,0.68,25.0,
1/21/2026,0.066,0.0,0.285,31.3,1028.5,11.1,43.4,0.68,25.0,
1/21/2026,0.066,0.0,0.285,31.3,1028.5,11.1,43.4,0.68,25.0,
1/21/2026,0.066,0.0,0.285,31.3,1028.5,11.1,43.4,0.68,25.0,
1/21/2026,0.066,0.0,0.285,31.3,1028.5,11.1,43.4,0.68,25.0,
1/21/2026,0.066,0.0,0.285,31.3,1028.5,11.1,43.3,0.68,25.0,
1/21/2026,0.066,0.0,0.285,31.3,1028.5,11.1,43.3,0.68,25.0,
1/21/2026,0.066,0.0,0.285,31.3,1028.5,11.1,43.3,0.68,25.0,
1/21/2026,0.066,0.0,0.285,31.3,1028.5,11.1,43.2,0.68,25.0,
1/22/2026,0.098,0.0,0.285,47.0,1018.0,13.6,43.2,0.92,38.5,
1/22/2026,0.098,0.0,0.285,47.0,1018.0,13.6,43.1,0.92,38.5,
1/22/2026,0.098,0.0,0.285,47.0,1018.0,13.6,43.1,0.92,38.5,
1/22/2026,0.098,0.0,0.285,47.0,1018.0,13.6,43.1,0.92,38.5,
1/22/2026,0.098,0.0,0.285,47.0,1018.0,13.6,43.1,0.92,38.5,
1/22/2026,0.098,0.0,0.285,47.0,1018.0,13.6,43.0,0.92,38.5,
1/22/2026,0.098,0.0,0.285,47.0,1018.0,13.6,43.0,0.92,38.5,
1/22/2026,0.098,0.0,0.285,47.0,1018.0,13.6,43.0,0.92,38.5,
1/22/2026,0.098,0.0,0.285,47.0,1018.0,13.6,43.0,0.92,38.5,
1/22/2026,0.098,0.0,0.285,47.0,1018.0,13.6,43.0,0.92,38.5,
1/22/2026,0.098,0.0,0.285,47.0,1018.0,13.6,43.0,0.92,38.5,
1/22/2026,0.098,0.0,0.285,47.0,1018.0,13.6,43.0,0.92,38.5,
1/22/2026,0.098,0.0,0.285,47.0,1018.0,13.6,43.0,0.92,38.5,
1/22/2026,0.098,0.0,0.285,47.0,1018.0,13.6,43.0,0.92,38.5,
1/22/2026,0.098,0.0,0.285,47.0,1018.0,13.6,43.0,0.92,38.5,
1/22/2026,0.098,0.0,0.285,47.0,1018.0,13.6,43.0,0.92,38.5,
1/22/2026,0.098,0.0,0.285,47.0,1018.0,13.6,43.0,0.92,38.5,
1/22/2026,0.098,0.0,0.285,47.0,1018.0,13.6,43.1,0.92,38.5,
1/22/2026,0.098,0.0,0.285,47.0,1018.0,13.6,43.1,0.92,38.5,
1/22/2026,0.098,0.0,0.28,47.0,1018.0,13.6,43.1,0.92,38.5,
1/22/2026,0.098,0.0,0.28,47.0,1018.0,13.6,43.2,0.92,38.5,
1/22/2026,0.098,0.0,0.28,47.0,1018.0,13.6,43.2,0.92,38.5,
1/22/2026,0.098,0.0,0.28,47.0,1018.0,13.6,43.2,0.92,38.5,
1/22/2026,0.098,0.0,0.28,47.0,1018.0,13.6,43.2,0.92,38.5,
1/23/2026,0.062,0.0,0.28,37.5,1020.8,5.8,43.3,1.03,30.7,
1/23/2026,0.062,0.0,0.28,37.5,1020.8,5.8,43.3,1.03,30.7,
1/23/2026,0.062,0.0,0.28,37.5,1020.8,5.8,43.3,1.03,30.7,
1/23/2026,0.062,0.0,0.28,37.5,1020.8,5.8,43.3,1.03,30.7,
1/23/2026,0.062,0.0,0.28,37.5,1020.8,5.8,43.3,1.03,30.7,
1/23/2026,0.062,0.0,0.28,37.5,1020.8,5.8,43.4,1.03,30.7,
1/23/2026,0.062,0.0,0.28,37.5,1020.8,5.8,43.4,1.03,30.7,
1/23/2026,0.062,0.0,0.28,37.5,1020.8,5.8,43.4,1.03,30.7,
1/23/2026,0.062,0.0,0.28,37.5,1020.8,5.8,43.4,1.03,30.7,
1/23/2026,0.062,0.0,0.28,37.5,1020.8,5.8,43.4,1.03,30.7,
1/23/2026,0.062,0.0,0.28,37.5,1020.8,5.8,43.4,1.03,30.7,
1/23/2026,0.062,0.0,0.28,37.5,1020.8,5.8,43.4,1.03,30.7,
1/23/2026,0.062,0.0,0.28,37.5,1020.8,5.8,43.4,1.03,30.7,
1/23/2026,0.062,0.0,0.28,37.5,1020.8,5.8,43.4,1.03,30.7,
1/23/2026,0.062,0.0,0.28,37.5,1020.8,5.8,43.4,1.03,30.7,
1/23/2026,0.062,0.0,0.28,37.5,1020.8,5.8,43.4,1.03,30.7,
1/23/2026,0.062,0.0,0.28,37.5,1020.8,5.8,43.4,1.03,30.7,
1/23/2026,0.062,0.0,0.28,37.5,1020.8,5.8,43.4,1.03,30.7,
1/23/2026,0.062,0.0,0.28,37.5,1020.8,5.8,43.4,1.03,30.7,
1/23/2026,0.062,0.0,0.275,37.5,1020.8,5.8,43.4,1.03,30.7,
1/23/2026,0.062,0.0,0.275,37.5,1020.8,5.8,43.4,1.03,30.7,
1/23/2026,0.062,0.0,0.275,37.5,1020.8,5.8,43.4,1.03,30.7,
1/23/2026,0.062,0.0,0.275,37.5,1020.8,5.8,43.4,1.03,30.7,
1/23/2026,0.062,0.0,0.275,37.5,1020.8,5.8,43.4,1.03,30.7,
1/24/2026,0.058,0.0,0.275,20.0,1033.5,17.3,43.4,0.37,15.3,
1/24/2026,0.058,0.0,0.275,20.0,1033.5,17.3,43.4,0.37,15.3,
1/24/2026,0.058,0.0,0.275,20.0,1033.5,17.3,43.4,0.37,15.3,
1/24/2026,0.058,0.0,0.275,20.0,1033.5,17.3,43.4,0.37,15.3,
1/24/2026,0.058,0.0,0.275,20.0,1033.5,17.3,43.4,0.37,15.3,
1/24/2026,0.058,0.0,0.275,20.0,1033.5,17.3,43.4,0.37,15.3,
1/24/2026,0.058,0.0,0.275,20.0,1033.5,17.3,43.4,0.37,15.3,
1/24/2026,0.058,0.0,0.275,20.0,1033.5,17.3,43.4,0.37,15.3,
1/24/2026,0.058,0.0,0.275,20.0,1033.5,17.3,43.4,0.37,15.3,
1/24/2026,0.058,0.0,0.275,20.0,1033.5,17.3,43.4,0.37,15.3,
1/24/2026,0.058,0.0,0.275,20.0,1033.5,17.3,43.4,0.37,15.3,
1/24/2026,0.058,0.0,0.275,20.0,1033.5,17.3,43.4,0.37,15.3,
1/24/2026,0.058,0.0,0.275,20.0,1033.5,17.3,43.4,0.37,15.3,
1/24/2026,0.058,0.0,0.275,20.0,1033.5,17.3,43.4,0.37,15.3,
1/24/2026,0.058,0.0,0.275,20.0,1033.5,17.3,43.4,0.37,15.3,
1/24/2026,0.058,0.0,0.275,20.0,1033.5,17.3,43.4,0.37,15.3,
1/24/2026,0.058,0.0,0.275,20.0,1033.5,17.3,43.3,0.37,15.3,
1/24/2026,0.058,0.0,0.275,20.0,1033.5,17.3,43.3,0.37,15.3,
1/24/2026,0.058,0.0,0.275,20.0,1033.5,17.3,43.3,0.37,15.3,
1/24/2026,0.058,0.0,0.275,20.0,1033.5,17.3,43.3,0.37,15.3,
1/24/2026,0.058,0.0,0.275,20.0,1033.5,17.3,43.3,0.37,15.3,
1/24/2026,0.058,0.0,0.275,20.0,1033.5,17.3,43.2,0.37,15.3,
1/24/2026,0.058,0.0,0.275,20.0,1033.5,17.3,43.2,0.37,15.3,
1/24/2026,0.058,0.0,0.275,20.0,1033.5,17.3,43.2,0.37,15.3,
1/25/2026,0.009,1.169,0.275,31.0,1016.4,15.0,43.1,0.09,29.7,
1/25/2026,0.009,1.169,0.275,31.0,1016.4,15.0,43.1,0.09,29.7,
1/25/2026,0.009,1.169,0.275,31.0,1016.4,15.0,43.1,0.09,29.7,
1/25/2026,0.009,1.169,0.275,31.0,1016.4,15.0,43.0,0.09,29.7,
1/25/2026,0.009,1.169,0.275,31.0,1016.4,15.0,43.0,0.09,29.7,
1/25/2026,0.009,1.169,0.275,31.0,1016.4,15.0,43.0,0.09,29.7,
1/25/2026,0.009,1.169,0.275,31.0,1016.4,15.0,42.9,0.09,29.7,
1/25/2026,0.009,1.169,0.275,31.0,1016.4,15.0,42.9,0.09,29.7,
1/25/2026,0.009,1.169,0.275,31.0,1016.4,15.0,42.9,0.09,29.7,
1/25/2026,0.009,1.169,0.275,31.0,1016.4,15.0,42.8,0.09,29.7,
1/25/2026,0.009,1.169,0.275,31.0,1016.4,15.0,42.8,0.09,29.7,
1/25/2026,0.009,1.169,0.275,31.0,1016.4,15.0,42.8,0.09,29.7,
1/25/2026,0.009,1.169,0.275,31.0,1016.4,15.0,42.7,0.09,29.7,
1/25/2026,0.009,1.169,0.275,31.0,1016.4,15.0,42.7,0.09,29.7,
1/25/2026,0.009,1.169,0.275,31.0,1016.4,15.0,42.6,0.09,29.7,
1/25/2026,0.009,1.169,0.275,31.0,1016.4,15.0,42.6,0.09,29.7,
1/25/2026,0.009,1.169,0.275,31.0,1016.4,15.0,42.6,0.09,29.7,
1/25/2026,0.009,1.169,0.275,31.0,1016.4,15.0,42.5,0.09,29.7,
1/25/2026,0.009,1.169,0.275,31.0,1016.4,15.0,42.5,0.09,29.7,
1/25/2026,0.009,1.169,0.275,31.0,1016.4,15.0,42.5,0.09,29.7,
1/25/2026,0.009,1.169,0.275,31.0,1016.4,15.0,42.5,0.09,29.7,
1/25/2026,0.009,1.169,0.275,31.0,1016.4,15.0,42.5,0.09,29.7,
1/25/2026,0.009,1.169,0.276,31.0,1016.4,15.0,42.5,0.09,29.7,
1/25/2026,0.009,1.169,0.276,31.0,1016.4,15.0,42.4,0.09,29.7,
1/26/2026,0.034,0.0,0.276,29.2,1010.3,19.7,42.4,0.26,25.9,
1/26/2026,0.034,0.0,0.276,29.2,1010.3,19.7,42.4,0.26,25.9,
1/26/2026,0.034,0.0,0.276,29.2,1010.3,19.7,42.4,0.26,25.9,
1/26/2026,0.034,0.0,0.276,29.2,1010.3,19.7,42.3,0.26,25.9,
1/26/2026,0.034,0.0,0.276,29.2,1010.3,19.7,42.3,0.26,25.9,
1/26/2026,0.034,0.0,0.277,29.2,1010.3,19.7,42.3,0.26,25.9,
1/26/2026,0.034,0.0,0.277,29.2,1010.3,19.7,42.2,0.26,25.9,
1/26/2026,0.034,0.0,0.277,29.2,1010.3,19.7,42.2,0.26,25.9,
1/26/2026,0.034,0.0,0.277,29.2,1010.3,19.7,42.2,0.26,25.9,
1/26/2026,0.034,0.0,0.277,29.2,1010.3,19.7,42.1,0.26,25.9,
1/26/2026,0.034,0.0,0.277,29.2,1010.3,19.7,42.1,0.26,25.9,
1/26/2026,0.034,0.0,0.278,29.2,1010.3,19.7,42.1,0.26,25.9,
1/26/2026,0.034,0.0,0.278,29.2,1010.3,19.7,42.1,0.26,25.9,
1/26/2026,0.034,0.0,0.278,29.2,1010.3,19.7,42.0,0.26,25.9,
1/26/2026,0.034,0.0,0.278,29.2,1010.3,19.7,42.0,0.26,25.9,
1/26/2026,0.034,0.0,0.278,29.2,1010.3,19.7,42.0,0.26,25.9,
1/26/2026,0.034,0.0,0.278,29.2,1010.3,19.7,42.0,0.26,25.9,
1/26/2026,0.034,0.0,0.278,29.2,1010.3,19.7,41.9,0.26,25.9,
1/26/2026,0.034,0.0,0.278,29.2,1010.3,19.7,41.9,0.26,25.9,
1/26/2026,0.034,0.0,0.279,29.2,1010.3,19.7,41.9,0.26,25.9,
1/26/2026,0.034,0.0,0.279,29.2,1010.3,19.7,41.8,0.26,25.9,
1/26/2026,0.034,0.0,0.279,29.2,1010.3,19.7,41.8,0.26,25.9,
1/26/2026,0.034,0.0,0.279,29.2,1010.3,19.7,41.8,0.26,25.9,
1/26/2026,0.034,0.0,0.279,29.2,1010.3,19.7,41.8,0.26,25.9,
1/27/2026,0.05,0.0,0.279,24.6,1019.3,14.7,41.7,0.28,19.8,
1/27/2026,0.05,0.0,0.279,24.6,1019.3,14.7,41.7,0.28,19.8,
1/27/2026,0.05,0.0,0.279,24.6,1019.3,14.7,41.7,0.28,19.8,
1/27/2026,0.05,0.0,0.279,24.6,1019.3,14.7,41.6,0.28,19.8,
1/27/2026,0.05,0.0,0.28,24.6,1019.3,14.7,41.6,0.28,19.8,
1/27/2026,0.05,0.0,0.28,24.6,1019.3,14.7,41.6,0.28,19.8,
1/27/2026,0.05,0.0,0.28,24.6,1019.3,14.7,41.6,0.28,19.8,
1/27/2026,0.05,0.0,0.28,24.6,1019.3,14.7,41.6,0.28,19.8,
1/27/2026,0.05,0.0,0.28,24.6,1019.3,14.7,41.6,0.28,19.8,
1/27/2026,0.05,0.0,0.28,24.6,1019.3,14.7,41.6,0.28,19.8,
1/27/2026,0.05,0.0,0.28,24.6,1019.3,14.7,41.5,0.28,19.8,
1/27/2026,0.05,0.0,0.28,24.6,1019.3,14.7,41.5,0.28,19.8,
1/27/2026,0.05,0.0,0.28,24.6,1019.3,14.7,41.5,0.28,19.8,
1/27/2026,0.05,0.0,0.28,24.6,1019.3,14.7,41.4,0.28,19.8,
1/27/2026,0.05,0.0,0.28,24.6,1019.3,14.7,41.4,0.28,19.8,
1/27/2026,0.05,0.0,0.281,24.6,1019.3,14.7,41.4,0.28,19.8,
1/27/2026,0.05,0.0,0.281,24.6,1019.3,14.7,41.3,0.28,19.8,
1/27/2026,0.05,0.0,0.281,24.6,1019.3,14.7,41.3,0.28,19.8,
1/27/2026,0.05,0.0,0.281,24.6,1019.3,14.7,41.3,0.28,19.8,
1/27/2026,0.05,0.0,0.281,24.6,1019.3,14.7,41.3,0.28,19.8,
1/27/2026,0.05,0.0,0.281,24.6,1019.3,14.7,41.2,0.28,19.8,
1/27/2026,0.05,0.0,0.281,24.6,1019.3,14.7,41.2,0.28,19.8,
1/27/2026,0.05,0.0,0.281,24.6,1019.3,14.7,41.2,0.28,19.8,
1/27/2026,0.05,0.0,0.281,24.6,1019.3,14.7,41.1,0.28,19.8,
1/28/2026,0.049,0.0,0.281,22.8,1019.3,10.6,41.1,0.28,17.9,
1/28/2026,0.049,0.0,0.281,22.8,1019.3,10.6,41.1,0.28,17.9,
1/28/2026,0.049,0.0,0.281,22.8,1019.3,10.6,41.0,0.28,17.9,
1/28/2026,0.049,0.0,0.281,22.8,1019.3,10.6,41.0,0.28,17.9,
1/28/2026,0.049,0.0,0.281,22.8,1019.3,10.6,41.0,0.28,17.9,
1/28/2026,0.049,0.0,0.281,22.8,1019.3,10.6,40.9,0.28,17.9,
1/28/2026,0.049,0.0,0.281,22.8,1019.3,10.6,40.9,0.28,17.9,
1/28/2026,0.049,0.0,0.281,22.8,1019.3,10.6,40.9,0.28,17.9,
1/28/2026,0.049,0.0,0.282,22.8,1019.3,10.6,40.9,0.28,17.9,
1/28/2026,0.049,0.0,0.282,22.8,1019.3,10.6,40.8,0.28,17.9,
1/28/2026,0.049,0.0,0.282,22.8,1019.3,10.6,40.8,0.28,17.9,
1/28/2026,0.049,0.0,0.282,22.8,1019.3,10.6,40.7,0.28,17.9,
1/28/2026,0.049,0.0,0.282,22.8,1019.3,10.6,40.7,0.28,17.9,
1/28/2026,0.049,0.0,0.282,22.8,1019.3,10.6,40.7,0.28,17.9,
1/28/2026,0.049,0.0,0.282,22.8,1019.3,10.6,40.7,0.28,17.9,
1/28/2026,0.049,0.0,0.282,22.8,1019.3,10.6,40.7,0.28,17.9,
1/28/2026,0.049,0.0,0.282,22.8,1019.3,10.6,40.7,0.28,17.9,
1/28/2026,0.049,0.0,0.282,22.8,1019.3,10.6,40.6,0.28,17.9,
1/28/2026,0.049,0.0,0.282,22.8,1019.3,10.6,40.6,0.28,17.9,
1/28/2026,0.049,0.0,0.282,22.8,1019.3,10.6,40.5,0.28,17.9,
1/28/2026,0.049,0.0,0.282,22.8,1019.3,10.6,40.5,0.28,17.9,
1/28/2026,0.049,0.0,0.282,22.8,1019.3,10.6,40.5,0.28,17.9,
1/28/2026,0.049,0.0,0.282,22.8,1019.3,10.6,40.4,0.28,17.9,
1/28/2026,0.049,0.0,0.282,22.8,1019.3,10.6,40.4,0.28,17.9,
1/29/2026,0.046,0.0,0.282,20.5,1020.5,14.2,40.4,0.31,15.8,
1/29/2026,0.046,0.0,0.282,20.5,1020.5,14.2,40.3,0.31,15.8,
1/29/2026,0.046,0.0,0.282,20.5,1020.5,14.2,40.3,0.31,15.8,
1/29/2026,0.046,0.0,0.282,20.5,1020.5,14.2,40.3,0.31,15.8,
1/29/2026,0.046,0.0,0.282,20.5,1020.5,14.2,40.2,0.31,15.8,
1/29/2026,0.046,0.0,0.283,20.5,1020.5,14.2,40.2,0.31,15.8,
1/29/2026,0.046,0.0,0.283,20.5,1020.5,14.2,40.2,0.31,15.8,
1/29/2026,0.046,0.0,0.283,20.5,1020.5,14.2,40.1,0.31,15.8,
1/29/2026,0.046,0.0,0.283,20.5,1020.5,14.2,40.1,0.31,15.8,
1/29/2026,0.046,0.0,0.283,20.5,1020.5,14.2,40.0,0.31,15.8,
1/29/2026,0.046,0.0,0.283,20.5,1020.5,14.2,40.0,0.31,15.8,
1/29/2026,0.046,0.0,0.283,20.5,1020.5,14.2,40.0,0.31,15.8,
1/29/2026,0.046,0.0,0.283,20.5,1020.5,14.2,39.9,0.31,15.8,
1/29/2026,0.046,0.0,0.283,20.5,1020.5,14.2,39.9,0.31,15.8,
1/29/2026,0.046,0.0,0.283,20.5,1020.5,14.2,39.9,0.31,15.8,
1/29/2026,0.046,0.0,0.283,20.5,1020.5,14.2,39.8,0.31,15.8,
1/29/2026,0.046,0.0,0.283,20.5,1020.5,14.2,39.8,0.31,15.8,
1/29/2026,0.046,0.0,0.283,20.5,1020.5,14.2,39.8,0.31,15.8,
1/29/2026,0.046,0.0,0.283,20.5,1020.5,14.2,39.8,0.31,15.8,
1/29/2026,0.046,0.0,0.283,20.5,1020.5,14.2,39.8,0.31,15.8,
1/29/2026,0.046,0.0,0.283,20.5,1020.5,14.2,39.8,0.31,15.8,
1/29/2026,0.046,0.0,0.283,20.5,1020.5,14.2,39.8,0.31,15.8,
1/29/2026,0.046,0.0,0.283,20.5,1020.5,14.2,39.7,0.31,15.8,
1/29/2026,0.046,0.0,0.283,20.5,1020.5,14.2,39.7,0.31,15.8,
1/30/2026,0.043,0.0,0.283,18.6,1022.6,11.8,39.7,0.29,14.1,
1/30/2026,0.043,0.0,0.283,18.6,1022.6,11.8,39.6,0.29,14.1,
1/30/2026,0.043,0.0,0.283,18.6,1022.6,11.8,39.6,0.29,14.1,
1/30/2026,0.043,0.0,0.283,18.6,1022.6,11.8,39.6,0.29,14.1,
1/30/2026,0.043,0.0,0.283,18.6,1022.6,11.8,39.5,0.29,14.1,
1/30/2026,0.043,0.0,0.283,18.6,1022.6,11.8,39.5,0.29,14.1,
1/30/2026,0.043,0.0,0.283,18.6,1022.6,11.8,39.5,0.29,14.1,
1/30/2026,0.043,0.0,0.283,18.6,1022.6,11.8,39.5,0.29,14.1,
1/30/2026,0.043,0.0,0.283,18.6,1022.6,11.8,39.4,0.29,14.1,
1/30/2026,0.043,0.0,0.283,18.6,1022.6,11.8,39.4,0.29,14.1,
1/30/2026,0.043,0.0,0.283,18.6,1022.6,11.8,39.4,0.29,14.1,
1/30/2026,0.043,0.0,0.283,18.6,1022.6,11.8,39.4,0.29,14.1,
1/30/2026,0.043,0.0,0.283,18.6,1022.6,11.8,39.3,0.29,14.1,
1/30/2026,0.043,0.0,0.283,18.6,1022.6,11.8,39.3,0.29,14.1,
1/30/2026,0.043,0.0,0.283,18.6,1022.6,11.8,39.3,0.29,14.1,
1/30/2026,0.043,0.0,0.283,18.6,1022.6,11.8,39.2,0.29,14.1,
1/30/2026,0.043,0.0,0.283,18.6,1022.6,11.8,39.2,0.29,14.1,
1/30/2026,0.043,0.0,0.283,18.6,1022.6,11.8,39.2,0.29,14.1,
1/30/2026,0.043,0.0,0.283,18.6,1022.6,11.8,39.2,0.29,14.1,
1/30/2026,0.043,0.0,0.283,18.6,1022.6,11.8,39.1,0.29,14.1,
1/30/2026,0.043,0.0,0.283,18.6,1022.6,11.8,39.1,0.29,14.1,
1/30/2026,0.043,0.0,0.283,18.6,1022.6,11.8,39.1,0.29,14.1,
1/30/2026,0.043,0.0,0.283,18.6,1022.6,11.8,39.1,0.29,14.1,
1/30/2026,0.043,0.0,0.283,18.6,1022.6,11.8,39.0,0.29,14.1,
1/31/2026,0.043,0.0,0.283,17.9,1017.3,15.6,39.0,0.27,13.5,
1/31/2026,0.043,0.0,0.283,17.9,1017.3,15.6,39.0,0.27,13.5,
1/31/2026,0.043,0.0,0.283,17.9,1017.3,15.6,39.0,0.27,13.5,
1/31/2026,0.043,0.0,0.283,17.9,1017.3,15.6,39.0,0.27,13.5,
1/31/2026,0.043,0.0,0.283,17.9,1017.3,15.6,38.9,0.27,13.5,
1/31/2026,0.043,0.0,0.283,17.9,1017.3,15.6,38.9,0.27,13.5,
1/31/2026,0.043,0.0,0.283,17.9,1017.3,15.6,38.9,0.27,13.5,
1/31/2026,0.043,0.0,0.283,17.9,1017.3,15.6,38.9,0.27,13.5,
1/31/2026,0.043,0.0,0.283,17.9,1017.3,15.6,38.9,0.27,13.5,
1/31/2026,0.043,0.0,0.283,17.9,1017.3,15.6,38.9,0.27,13.5,
1/31/2026,0.043,0.0,0.283,17.9,1017.3,15.6,38.9,0.27,13.5,
1/31/2026,0.043,0.0,0.283,17.9,1017.3,15.6,38.9,0.27,13.5,
1/31/2026,0.043,0.0,0.283,17.9,1017.3,15.6,38.8,0.27,13.5,
1/31/2026,0.043,0.0,0.283,17.9,1017.3,15.6,38.8,0.27,13.5,
1/31/2026,0.043,0.0,0.283,17.9,1017.3,15.6,38.8,0.27,13.5,
1/31/2026,0.043,0.0,0.283,17.9,1017.3,15.6,38.8,0.27,13.5,
1/31/2026,0.043,0.0,0.283,17.9,1017.3,15.6,38.7,0.27,13.5,
1/31/2026,0.043,0.0,0.283,17.9,1017.3,15.6,38.7,0.27,13.5,
1/31/2026,0.043,0.0,0.283,17.9,1017.3,15.6,38.7,0.27,13.5,
1/31/2026,0.043,0.0,0.283,17.9,1017.3,15.6,38.7,0.27,13.5,
1/31/2026,0.043,0.0,0.283,17.9,1017.3,15.6,38.7,0.27,13.5,
1/31/2026,0.043,0.0,0.283,17.9,1017.3,15.6,38.6,0.27,13.5,
1/31/2026,0.043,0.0,0.283,17.9,1017.3,15.6,38.6,0.27,13.5,
1/31/2026,0.043,0.0,0.283,17.9,1017.3,15.6,38.6,0.27,13.5,
2/1/2026,0.05,0.0,0.283,21.4,1009.0,27.3,38.6,0.26,16.7,
2/1/2026,0.05,0.0,0.283,21.4,1009.0,27.3,38.5,0.26,16.7,
2/1/2026,0.05,0.0,0.283,21.4,1009.0,27.3,38.5,0.26,16.7,
2/1/2026,0.05,0.0,0.283,21.4,1009.0,27.3,38.5,0.26,16.7,
2/1/2026,0.05,0.0,0.283,21.4,1009.0,27.3,38.5,0.26,16.7,
2/1/2026,0.05,0.0,0.283,21.4,1009.0,27.3,38.5,0.26,16.7,
2/1/2026,0.05,0.0,0.283,21.4,1009.0,27.3,38.4,0.26,16.7,
2/1/2026,0.05,0.0,0.283,21.4,1009.0,27.3,38.4,0.26,16.7,
2/1/2026,0.05,0.0,0.283,21.4,1009.0,27.3,38.4,0.26,16.7,
2/1/2026,0.05,0.0,0.283,21.4,1009.0,27.3,38.4,0.26,16.7,
2/1/2026,0.05,0.0,0.283,21.4,1009.0,27.3,38.3,0.26,16.7,
2/1/2026,0.05,0.0,0.283,21.4,1009.0,27.3,38.3,0.26,16.7,
2/1/2026,0.05,0.0,0.283,21.4,1009.0,27.3,38.3,0.26,16.7,
2/1/2026,0.05,0.0,0.283,21.4,1009.0,27.3,38.3,0.26,16.7,
2/1/2026,0.05,0.0,0.282,21.4,1009.0,27.3,38.3,0.26,16.7,
2/1/2026,0.05,0.0,0.282,21.4,1009.0,27.3,38.2,0.26,16.7,
2/1/2026,0.05,0.0,0.282,21.4,1009.0,27.3,38.2,0.26,16.7,
2/1/2026,0.05,0.0,0.282,21.4,1009.0,27.3,38.2,0.26,16.7,
2/1/2026,0.05,0.0,0.282,21.4,1009.0,27.3,38.2,0.26,16.7,
2/1/2026,0.05,0.0,0.282,21.4,1009.0,27.3,38.1,0.26,16.7,
2/1/2026,0.05,0.0,0.282,21.4,1009.0,27.3,38.1,0.26,16.7,
2/1/2026,0.05,0.0,0.282,21.4,1009.0,27.3,38.1,0.26,16.7,
2/1/2026,0.05,0.0,0.282,21.4,1009.0,27.3,38.1,0.26,16.7,
2/1/2026,0.05,0.0,0.282,21.4,1009.0,27.3,38.1,0.26,16.7,
2/2/2026,0.066,0.0,0.282,26.3,1018.1,16.1,38.0,0.44,20.4,
2/2/2026,0.066,0.0,0.282,26.3,1018.1,16.1,38.0,0.44,20.4,
2/2/2026,0.066,0.0,0.282,26.3,1018.1,16.1,38.0,0.44,20.4,
2/2/2026,0.066,0.0,0.282,26.3,1018.1,16.1,38.0,0.44,20.4,
2/2/2026,0.066,0.0,0.282,26.3,1018.1,16.1,38.0,0.44,20.4,
2/2/2026,0.066,0.0,0.282,26.3,1018.1,16.1,38.0,0.44,20.4,
2/2/2026,0.066,0.0,0.282,26.3,1018.1,16.1,38.0,0.44,20.4,
2/2/2026,0.066,0.0,0.282,26.3,1018.1,16.1,38.0,0.44,20.4,
2/2/2026,0.066,0.0,0.282,26.3,1018.1,16.1,38.0,0.44,20.4,
2/2/2026,0.066,0.0,0.282,26.3,1018.1,16.1,38.0,0.44,20.4,
2/2/2026,0.066,0.0,0.282,26.3,1018.1,16.1,37.9,0.44,20.4,
2/2/2026,0.066,0.0,0.282,26.3,1018.1,16.1,37.9,0.44,20.4,
2/2/2026,0.066,0.0,0.282,26.3,1018.1,16.1,37.9,0.44,20.4,
2/2/2026,0.066,0.0,0.282,26.3,1018.1,16.1,37.9,0.44,20.4,
2/2/2026,0.066,0.0,0.282,26.3,1018.1,16.1,37.9,0.44,20.4,
2/2/2026,0.066,0.0,0.282,26.3,1018.1,16.1,37.8,0.44,20.4,
2/2/2026,0.066,0.0,0.282,26.3,1018.1,16.1,37.8,0.44,20.4,
2/2/2026,0.066,0.0,0.282,26.3,1018.1,16.1,37.8,0.44,20.4,
2/2/2026,0.066,0.0,0.282,26.3,1018.1,16.1,37.8,0.44,20.4,
2/2/2026,0.066,0.0,0.282,26.3,1018.1,16.1,37.8,0.44,20.4,
2/2/2026,0.066,0.0,0.282,26.3,1018.1,16.1,37.8,0.44,20.4,
2/2/2026,0.066,0.0,0.282,26.3,1018.1,16.1,37.7,0.44,20.4,
2/2/2026,0.066,0.0,0.282,26.3,1018.1,16.1,37.7,0.44,20.4,
2/2/2026,0.066,0.0,0.282,26.3,1018.1,16.1,37.7,0.44,20.4,
2/3/2026,0.063,0.0,0.282,30.4,1020.5,6.1,37.7,0.76,24.7,
2/3/2026,0.063,0.0,0.282,30.4,1020.5,6.1,37.7,0.76,24.7,
2/3/2026,0.063,0.0,0.282,30.4,1020.5,6.1,37.7,0.76,24.7,
2/3/2026,0.063,0.0,0.282,30.4,1020.5,6.1,37.7,0.76,24.7,
2/3/2026,0.063,0.0,0.282,30.4,1020.5,6.1,37.6,0.76,24.7,
2/3/2026,0.063,0.0,0.282,30.4,1020.5,6.1,37.6,0.76,24.7,
2/3/2026,0.063,0.0,0.282,30.4,1020.5,6.1,37.6,0.76,24.7,
2/3/2026,0.063,0.0,0.282,30.4,1020.5,6.1,37.6,0.76,24.7,
2/3/2026,0.063,0.0,0.282,30.4,1020.5,6.1,37.6,0.76,24.7,
2/3/2026,0.063,0.0,0.282,30.4,1020.5,6.1,37.6,0.76,24.7,
2/3/2026,0.063,0.0,0.282,30.4,1020.5,6.1,37.6,0.76,24.7,
2/3/2026,0.063,0.0,0.282,30.4,1020.5,6.1,37.5,0.76,24.7,
2/3/2026,0.063,0.0,0.282,30.4,1020.5,6.1,37.5,0.76,24.7,
2/3/2026,0.063,0.0,0.282,30.4,1020.5,6.1,37.5,0.76,24.7,
2/3/2026,0.063,0.0,0.282,30.4,1020.5,6.1,37.5,0.76,24.7,
2/3/2026,0.063,0.0,0.282,30.4,1020.5,6.1,37.5,0.76,24.7,
2/3/2026,0.063,0.0,0.282,30.4,1020.5,6.1,37.5,0.76,24.7,
2/3/2026,0.063,0.0,0.282,30.4,1020.5,6.1,37.5,0.76,24.7,
2/3/2026,0.063,0.0,0.282,30.4,1020.5,6.1,37.5,0.76,24.7,
2/3/2026,0.063,0.0,0.282,30.4,1020.5,6.1,37.4,0.76,24.7,
2/3/2026,0.063,0.0,0.282,30.4,1020.5,6.1,37.4,0.76,24.7,
2/3/2026,0.063,0.0,0.281,30.4,1020.5,6.1,37.4,0.76,24.7,
2/3/2026,0.063,0.0,0.281,30.4,1020.5,6.1,37.4,0.76,24.7,
2/3/2026,0.063,0.0,0.281,30.4,1020.5,6.1,37.4,0.76,24.7,
2/4/2026,0.03,0.016,0.281,35.1,1019.9,8.6,37.4,0.31,31.1,
2/4/2026,0.03,0.016,0.281,35.1,1019.9,8.6,37.4,0.31,31.1,
2/4/2026,0.03,0.016,0.281,35.1,1019.9,8.6,37.4,0.31,31.1,
2/4/2026,0.03,0.016,0.281,35.1,1019.9,8.6,37.4,0.31,31.1,
2/4/2026,0.03,0.016,0.281,35.1,1019.9,8.6,37.3,0.31,31.1,
2/4/2026,0.03,0.016,0.281,35.1,1019.9,8.6,37.3,0.31,31.1,
2/4/2026,0.03,0.016,0.281,35.1,1019.9,8.6,37.3,0.31,31.1,
2/4/2026,0.03,0.016,0.281,35.1,1019.9,8.6,37.3,0.31,31.1,
2/4/2026,0.03,0.016,0.281,35.1,1019.9,8.6,37.3,0.31,31.1,
2/4/2026,0.03,0.016,0.281,35.1,1019.9,8.6,37.3,0.31,31.1,
2/4/2026,0.03,0.016,0.281,35.1,1019.9,8.6,37.3,0.31,31.1,
2/4/2026,0.03,0.016,0.281,35.1,1019.9,8.6,37.3,0.31,31.1,
2/4/2026,0.03,0.016,0.281,35.1,1019.9,8.6,37.3,0.31,31.1,
2/4/2026,0.03,0.016,0.281,35.1,1019.9,8.6,37.2,0.31,31.1,
2/4/2026,0.03,0.016,0.281,35.1,1019.9,8.6,37.2,0.31,31.1,
2/4/2026,0.03,0.016,0.281,35.1,1019.9,8.6,37.2,0.31,31.1,
2/4/2026,0.03,0.016,0.281,35.1,1019.9,8.6,37.2,0.31,31.1,
2/4/2026,0.03,0.016,0.281,35.1,1019.9,8.6,37.2,0.31,31.1,
2/4/2026,0.03,0.016,0.281,35.1,1019.9,8.6,37.1,0.31,31.1,
2/4/2026,0.03,0.016,0.282,35.1,1019.9,8.6,37.1,0.31,31.1,
2/4/2026,0.03,0.016,0.282,35.1,1019.9,8.6,37.1,0.31,31.1,
2/4/2026,0.03,0.016,0.282,35.1,1019.9,8.6,37.1,0.31,31.1,
2/4/2026,0.03,0.016,0.282,35.1,1019.9,8.6,37.1,0.31,31.1,
2/4/2026,0.03,0.016,0.282,35.1,1019.9,8.6,37.1,0.31,31.1,
2/5/2026,0.068,0.0,0.282,30.3,1015.1,12.2,37.1,0.49,24.1,
2/5/2026,0.068,0.0,0.282,30.3,1015.1,12.2,37.1,0.49,24.1,
2/5/2026,0.068,0.0,0.282,30.3,1015.1,12.2,37.1,0.49,24.1,
2/5/2026,0.068,0.0,0.282,30.3,1015.1,12.2,37.1,0.49,24.1,
2/5/2026,0.068,0.0,0.282,30.3,1015.1,12.2,37.1,0.49,24.1,
2/5/2026,0.068,0.0,0.281,30.3,1015.1,12.2,37.1,0.49,24.1,
2/5/2026,0.068,0.0,0.281,30.3,1015.1,12.2,37.1,0.49,24.1,
2/5/2026,0.068,0.0,0.281,30.3,1015.1,12.2,37.1,0.49,24.1,
2/5/2026,0.068,0.0,0.281,30.3,1015.1,12.2,37.1,0.49,24.1,
2/5/2026,0.068,0.0,0.281,30.3,1015.1,12.2,37.1,0.49,24.1,
2/5/2026,0.068,0.0,0.281,30.3,1015.1,12.2,37.1,0.49,24.1,
2/5/2026,0.068,0.0,0.281,30.3,1015.1,12.2,37.1,0.49,24.1,
2/5/2026,0.068,0.0,0.281,30.3,1015.1,12.2,37.1,0.49,24.1,
2/5/2026,0.068,0.0,0.281,30.3,1015.1,12.2,37.1,0.49,24.1,
2/5/2026,0.068,0.0,0.281,30.3,1015.1,12.2,37.1,0.49,24.1,
2/5/2026,0.068,0.0,0.281,30.3,1015.1,12.2,37.1,0.49,24.1,
2/5/2026,0.068,0.0,0.281,30.3,1015.1,12.2,37.1,0.49,24.1,
2/5/2026,0.068,0.0,0.281,30.3,1015.1,12.2,37.1,0.49,24.1,
2/5/2026,0.068,0.0,0.281,30.3,1015.1,12.2,37.0,0.49,24.1,
2/5/2026,0.068,0.0,0.281,30.3,1015.1,12.2,37.0,0.49,24.1,
2/5/2026,0.068,0.0,0.281,30.3,1015.1,12.2,37.0,0.49,24.1,
2/5/2026,0.068,0.0,0.281,30.3,1015.1,12.2,37.0,0.49,24.1,
2/5/2026,0.068,0.0,0.281,30.3,1015.1,12.2,37.0,0.49,24.1,
2/5/2026,0.068,0.0,0.281,30.3,1015.1,12.2,37.0,0.49,24.1,
2/6/2026,0.055,0.0,0.281,27.7,1005.5,8.2,37.0,0.48,22.5,
2/6/2026,0.055,0.0,0.281,27.7,1005.5,8.2,37.0,0.48,22.5,
2/6/2026,0.055,0.0,0.281,27.7,1005.5,8.2,37.0,0.48,22.5,
2/6/2026,0.055,0.0,0.281,27.7,1005.5,8.2,37.0,0.48,22.5,
2/6/2026,0.055,0.0,0.281,27.7,1005.5,8.2,37.0,0.48,22.5,
2/6/2026,0.055,0.0,0.281,27.7,1005.5,8.2,37.0,0.48,22.5,
2/6/2026,0.055,0.0,0.281,27.7,1005.5,8.2,37.0,0.48,22.5,
2/6/2026,0.055,0.0,0.281,27.7,1005.5,8.2,37.0,0.48,22.5,
2/6/2026,0.055,0.0,0.281,27.7,1005.5,8.2,37.0,0.48,22.5,
2/6/2026,0.055,0.0,0.281,27.7,1005.5,8.2,37.0,0.48,22.5,
2/6/2026,0.055,0.0,0.281,27.7,1005.5,8.2,37.0,0.48,22.5,
2/6/2026,0.055,0.0,0.281,27.7,1005.5,8.2,37.0,0.48,22.5,
2/6/2026,0.055,0.0,0.281,27.7,1005.5,8.2,37.0,0.48,22.5,
2/6/2026,0.055,0.0,0.281,27.7,1005.5,8.2,36.9,0.48,22.5,
2/6/2026,0.055,0.0,0.281,27.7,1005.5,8.2,36.9,0.48,22.5,
2/6/2026,0.055,0.0,0.281,27.7,1005.5,8.2,36.9,0.48,22.5,
2/6/2026,0.055,0.0,0.281,27.7,1005.5,8.2,36.9,0.48,22.5,
2/6/2026,0.055,0.0,0.281,27.7,1005.5,8.2,36.9,0.48,22.5,
2/6/2026,0.055,0.0,0.281,27.7,1005.5,8.2,36.9,0.48,22.5,
2/6/2026,0.055,0.0,0.281,27.7,1005.5,8.2,36.9,0.48,22.5,
2/6/2026,0.055,0.0,0.281,27.7,1005.5,8.2,36.9,0.48,22.5,
2/6/2026,0.055,0.0,0.281,27.7,1005.5,8.2,36.9,0.48,22.5,
2/6/2026,0.055,0.0,0.281,27.7,1005.5,8.2,36.9,0.48,22.5,
2/6/2026,0.055,0.0,0.281,27.7,1005.5,8.2,36.9,0.48,22.5,
2/7/2026,0.058,0.0,0.281,24.8,1009.2,33.8,36.9,0.3,20.3,
2/7/2026,0.058,0.0,0.281,24.8,1009.2,33.8,36.9,0.3,20.3,
2/7/2026,0.058,0.0,0.281,24.8,1009.2,33.8,36.9,0.3,20.3,
2/7/2026,0.058,0.0,0.281,24.8,1009.2,33.8,36.9,0.3,20.3,
2/7/2026,0.058,0.0,0.281,24.8,1009.2,33.8,36.9,0.3,20.3,
2/7/2026,0.058,0.0,0.281,24.8,1009.2,33.8,36.9,0.3,20.3,
2/7/2026,0.058,0.0,0.281,24.8,1009.2,33.8,36.9,0.3,20.3,
2/7/2026,0.058,0.0,0.281,24.8,1009.2,33.8,36.9,0.3,20.3,
2/7/2026,0.058,0.0,0.281,24.8,1009.2,33.8,36.8,0.3,20.3,
2/7/2026,0.058,0.0,0.281,24.8,1009.2,33.8,36.8,0.3,20.3,
2/7/2026,0.058,0.0,0.281,24.8,1009.2,33.8,36.8,0.3,20.3,
2/7/2026,0.058,0.0,0.281,24.8,1009.2,33.8,36.8,0.3,20.3,
2/7/2026,0.058,0.0,0.281,24.8,1009.2,33.8,36.8,0.3,20.3,
2/7/2026,0.058,0.0,0.281,24.8,1009.2,33.8,36.8,0.3,20.3,
2/7/2026,0.058,0.0,0.281,24.8,1009.2,33.8,36.8,0.3,20.3,
2/7/2026,0.058,0.0,0.281,24.8,1009.2,33.8,36.8,0.3,20.3,
2/7/2026,0.058,0.0,0.281,24.8,1009.2,33.8,36.8,0.3,20.3,
2/7/2026,0.058,0.0,0.281,24.8,1009.2,33.8,36.8,0.3,20.3,
2/7/2026,0.058,0.0,0.281,24.8,1009.2,33.8,36.8,0.3,20.3,
2/7/2026,0.058,0.0,0.281,24.8,1009.2,33.8,36.8,0.3,20.3,
2/7/2026,0.058,0.0,0.281,24.8,1009.2,33.8,36.8,0.3,20.3,
2/7/2026,0.058,0.0,0.281,24.8,1009.2,33.8,36.8,0.3,20.3,
2/7/2026,0.058,0.0,0.281,24.8,1009.2,33.8,36.8,0.3,20.3,
2/7/2026,0.058,0.0,0.281,24.8,1009.2,33.8,36.8,0.3,20.3,
2/8/2026,0.056,0.0,0.281,19.6,1022.8,26.5,36.8,0.25,14.9,
2/8/2026,0.056,0.0,0.281,19.6,1022.8,26.5,36.8,0.25,14.9,
2/8/2026,0.056,0.0,0.281,19.6,1022.8,26.5,36.8,0.25,14.9,
2/8/2026,0.056,0.0,0.281,19.6,1022.8,26.5,36.8,0.25,14.9,
2/8/2026,0.056,0.0,0.281,19.6,1022.8,26.5,36.8,0.25,14.9,
2/8/2026,0.056,0.0,0.281,19.6,1022.8,26.5,36.8,0.25,14.9,
2/8/2026,0.056,0.0,0.281,19.6,1022.8,26.5,36.8,0.25,14.9,
2/8/2026,0.056,0.0,0.281,19.6,1022.8,26.5,36.8,0.25,14.9,
2/8/2026,0.056,0.0,0.281,19.6,1022.8,26.5,36.8,0.25,14.9,
2/8/2026,0.056,0.0,0.281,19.6,1022.8,26.5,36.8,0.25,14.9,
2/8/2026,0.056,0.0,0.281,19.6,1022.8,26.5,36.8,0.25,14.9,
2/8/2026,0.056,0.0,0.281,19.6,1022.8,26.5,36.8,0.25,14.9,
2/8/2026,0.056,0.0,0.281,19.6,1022.8,26.5,36.8,0.25,14.9,
2/8/2026,0.056,0.0,0.281,19.6,1022.8,26.5,36.8,0.25,14.9,
2/8/2026,0.056,0.0,0.281,19.6,1022.8,26.5,36.7,0.25,14.9,
2/8/2026,0.056,0.0,0.281,19.6,1022.8,26.5,36.7,0.25,14.9,
2/8/2026,0.056,0.0,0.281,19.6,1022.8,26.5,36.7,0.25,14.9,
2/8/2026,0.056,0.0,0.281,19.6,1022.8,26.5,36.7,0.25,14.9,
2/8/2026,0.056,0.0,0.281,19.6,1022.8,26.5,36.7,0.25,14.9,
2/8/2026,0.056,0.0,0.281,19.6,1022.8,26.5,36.7,0.25,14.9,
2/8/2026,0.056,0.0,0.281,19.6,1022.8,26.5,36.7,0.25,14.9,
2/8/2026,0.056,0.0,0.281,19.6,1022.8,26.5,36.7,0.25,14.9,
2/8/2026,0.056,0.0,0.281,19.6,1022.8,26.5,36.7,0.25,14.9,
2/8/2026,0.056,0.0,0.281,19.6,1022.8,26.5,36.7,0.25,14.9,
2/9/2026,0.056,0.0,0.281,22.6,1024.9,12.4,36.7,0.35,17.5,
2/9/2026,0.056,0.0,0.281,22.6,1024.9,12.4,36.7,0.35,17.5,
2/9/2026,0.056,0.0,0.281,22.6,1024.9,12.4,36.7,0.35,17.5,
2/9/2026,0.056,0.0,0.281,22.6,1024.9,12.4,36.7,0.35,17.5,
2/9/2026,0.056,0.0,0.281,22.6,1024.9,12.4,36.7,0.35,17.5,
2/9/2026,0.056,0.0,0.281,22.6,1024.9,12.4,36.7,0.35,17.5,
2/9/2026,0.056,0.0,0.28,22.6,1024.9,12.4,36.7,0.35,17.5,
2/9/2026,0.056,0.0,0.28,22.6,1024.9,12.4,36.7,0.35,17.5,
2/9/2026,0.056,0.0,0.28,22.6,1024.9,12.4,36.7,0.35,17.5,
2/9/2026,0.056,0.0,0.28,22.6,1024.9,12.4,36.7,0.35,17.5,
2/9/2026,0.056,0.0,0.28,22.6,1024.9,12.4,36.6,0.35,17.5,
2/9/2026,0.056,0.0,0.28,22.6,1024.9,12.4,36.6,0.35,17.5,
2/9/2026,0.056,0.0,0.28,22.6,1024.9,12.4,36.6,0.35,17.5,
2/9/2026,0.056,0.0,0.28,22.6,1024.9,12.4,36.6,0.35,17.5,
2/9/2026,0.056,0.0,0.28,22.6,1024.9,12.4,36.6,0.35,17.5,
2/9/2026,0.056,0.0,0.28,22.6,1024.9,12.4,36.6,0.35,17.5,
2/9/2026,0.056,0.0,0.28,22.6,1024.9,12.4,36.6,0.35,17.5,
2/9/2026,0.056,0.0,0.28,22.6,1024.9,12.4,36.6,0.35,17.5,
2/9/2026,0.056,0.0,0.28,22.6,1024.9,12.4,36.6,0.35,17.5,
2/9/2026,0.056,0.0,0.28,22.6,1024.9,12.4,36.6,0.35,17.5,
2/9/2026,0.056,0.0,0.28,22.6,1024.9,12.4,36.6,0.35,17.5,
2/9/2026,0.056,0.0,0.28,22.6,1024.9,12.4,36.6,0.35,17.5,
2/9/2026,0.056,0.0,0.28,22.6,1024.9,12.4,36.6,0.35,17.5,
2/9/2026,0.056,0.0,0.28,22.6,1024.9,12.4,36.6,0.35,17.5,
