Date,Actual,Predicted,Residual
2022-05-20,8.675520833333334,9.035063,-0.3595419565836586
2022-05-21,8.683333333333332,8.992957,-0.30962378184000805
2022-05-22,8.687395833333333,8.937883,-0.2504875437418619
2022-05-23,8.698749999999999,8.858333,-0.15958263397216932
2022-05-24,8.687604166666667,8.923307,-0.23570325215657562
2022-05-25,8.642083333333334,8.833597,-0.19151384989420528
2022-05-26,8.616666666666665,8.870749,-0.254082806905112
2022-05-27,8.5975,8.789712,-0.19221195220947251
2022-05-28,8.604375,8.673378,-0.06900299072265703
2022-05-29,8.623958333333333,8.756077,-0.13211847941080812
2022-05-30,8.634166666666667,8.699296,-0.0651293309529617
2022-05-31,8.643020833333333,8.812602,-0.16958120981852254
2022-06-01,8.6540625,8.86354,-0.20947719573974588
2022-06-02,8.664583333333333,8.840142,-0.1755589167277023
2022-06-03,8.684479166666666,8.83296,-0.14848096211751383
2022-06-04,8.713854166666668,8.826128,-0.11227383931477775
2022-06-05,8.742187499999998,8.873434,-0.1312465667724627
2022-06-06,8.7734375,8.889788,-0.11635017395019531
2022-06-07,8.793958333333334,8.952298,-0.15833983103434157
2022-06-08,8.8159375,8.948155,-0.1322179031372066
2022-06-09,8.8396875,8.997473,-0.1577852630615233
2022-06-10,8.881354166666664,8.94987,-0.06851594289144103
2022-06-11,8.907812500000002,9.0029955,-0.0951829910278299
2022-06-12,8.910520833333333,9.116004,-0.20548315684000684
2022-06-13,8.925520833333334,9.131612,-0.20609099070231096
2022-06-14,8.946666666666667,9.134184,-0.18751721700032498
2022-06-15,8.979166666666666,9.076873,-0.09770615895589252
2022-06-16,8.995416666666667,9.171269,-0.17585275014241475
2022-06-17,9.002291666666666,9.051279,-0.048987401326497704
2022-06-18,9.032604166666667,9.147406,-0.11480145772298123
2022-06-19,9.063125,9.0740595,-0.010934486389160725
2022-06-20,9.0875,9.184005,-0.09650478363037074
2022-06-21,9.102083333333333,9.156508,-0.054425112406413234
2022-06-22,9.10583333333333,9.187981,-0.0821473185221393
2022-06-23,9.106875,9.1973,-0.09042495727539013
2022-06-24,9.1275,9.192997,-0.06549697875976612
2022-06-25,9.148020833333334,9.238515,-0.09049406687418582
2022-06-26,9.165625,9.242352,-0.07672653198242152
2022-06-27,9.170833333333333,9.254373,-0.08353926340739015
2022-06-28,9.171354166666667,9.249159,-0.07780469258626255
2022-06-29,9.193854166666668,9.311121,-0.11726682027180857
2022-06-30,9.209895833333333,9.186501,0.023395284016926254
2022-07-01,9.2234375,9.254736,-0.03129844665527415
2022-07-02,9.241770833333334,9.258857,-0.01708594004313113
2022-07-03,9.2596875,9.271248,-0.011560363769531179
2022-07-04,9.278958333333334,9.33707,-0.058112131754556984
2022-07-05,9.286145833333332,9.289383,-0.0032371012369800667
2022-07-06,9.298958333333331,9.249999,0.048959287007647845
2022-07-07,9.282395833333332,9.321976,-0.03957987467448021
2022-07-08,9.300104166666667,9.253046,0.04705813090006572
2022-07-09,9.301979166666667,9.361363,-0.05938424428303968
2022-07-10,9.3065625,9.308461,-0.0018986892700194602
2022-07-11,9.321354166666667,9.36639,-0.04503606160481688
2022-07-12,9.339479166666669,9.319119,0.020359713236492993
2022-07-13,9.359583333333331,9.387824,-0.028240725199383476
2022-07-14,9.381354166666666,9.375854,0.005500628153482623
2022-07-15,9.392604166666668,9.386732,0.005872065226238732
2022-07-16,9.397395833333334,9.375379,0.022017224629721
2022-07-17,9.4090625,9.444242,-0.03517902374267656
2022-07-18,9.426458333333333,9.380331,0.04612729390462178
2022-07-19,9.449479166666666,9.422562,0.02691752115885393
2022-07-20,9.468958333333337,9.416266,0.05269189198812185
2022-07-21,9.478958333333331,9.44809,0.030868733723956154
2022-07-22,9.4690625,9.428244,0.04081886291503878
2022-07-23,9.491979166666669,9.48955,0.00242952982584832
2022-07-24,9.5103125,9.4852495,0.02506298065185497
2022-07-25,9.527291666666667,9.519595,0.007696520487467495
2022-07-26,9.5159375,9.506705,0.009232215881347372
2022-07-27,9.519583333333332,9.412418,0.10716496785481588
2022-07-28,9.537916666666666,9.469675,0.06824160257975187
2022-07-29,9.546875,9.377206,0.16966915130615234
2022-07-30,9.5703125,9.460421,0.10989189147949219
2022-07-31,9.5890625,9.42343,0.16563205718994212
2022-08-01,9.600416666666666,9.417922,0.18249464670816984
2022-08-02,9.624375,9.440033,0.18434204101562557
2022-08-03,9.651041666666666,9.44,0.2110420862833653
2022-08-04,9.6728125,9.419929,0.2528839492797843
2022-08-05,9.691666666666666,9.475436,0.2162304560343422
2022-08-06,9.705729166666666,9.453723,0.25200621287027936
2022-08-07,9.721666666666668,9.451283,0.27038321177164804
2022-08-08,9.742916666666668,9.447978,0.2949386469523123
2022-08-09,9.769895833333331,9.477916,0.29198006947835076
2022-08-10,9.778645833333334,9.500893,0.2777531941731777
2022-08-11,9.720208333333334,9.513906,0.20630280812581425
2022-08-12,9.741666666666667,9.51358,0.22808634440104214
2022-08-13,9.7634375,9.532002,0.23143505096435568
2022-08-14,9.785208333333332,9.557002,0.22820626576741354
2022-08-15,9.803541666666666,9.583149,0.2203927103678378
2022-08-16,9.823333333333332,9.596338,0.2269950612386058
2022-08-17,9.843958333333331,9.632327,0.21163125356038215
2022-08-18,9.867916666666666,9.67446,0.19345625559488866
2022-08-19,9.891458333333334,9.685278,0.20618039449056091
2022-08-20,9.910416666666666,9.701709,0.2087078730265297
2022-08-21,9.923333333333334,9.715231,0.20810239156087285
2022-08-22,9.9365625,9.7533655,0.1831969833374032
2022-08-23,9.963958333333332,9.733609,0.23034913380940658
2022-08-24,9.989895833333334,9.747633,0.24226285298665395
2022-08-25,10.009895833333331,9.75328,0.25661614735921034
2022-08-26,10.029583333333331,9.79644,0.23314320882161255
2022-08-27,10.052604166666669,9.828153,0.22445151011149278
2022-08-28,10.071145833333334,9.881913,0.18923264821370545
2022-08-29,10.0875,9.883276,0.20422401428222692
2022-08-30,10.0925,9.908246,0.18425395965576108
2022-08-31,10.018958333333332,9.888997,0.12996125539143755
2022-09-01,10.046979166666668,9.954826,0.0921528116861996
2022-09-02,10.075625,9.9483795,0.127245483398438
2022-09-03,10.09104166666667,9.973278,0.11776362101237225
2022-09-04,10.1090625,9.98127,0.12779266357421903
2022-09-05,10.1275,9.984539,0.14296096801757763
2022-09-06,10.137604166666668,9.9887295,0.1488746897379567
2022-09-07,10.142708333333331,9.989191,0.15351727803547988
2022-09-08,10.140000000000002,9.980238,0.15976203918457266
2022-09-09,10.165729166666669,9.98949,0.17623961130778198
2022-09-10,10.185208333333334,10.0073,0.1779079564412438
2022-09-11,10.193645833333331,9.980515,0.2131313069661438
2022-09-12,10.1975,9.99054,0.2069604492187498
2022-09-13,10.216875,10.025677,0.19119827270507805
2022-09-14,10.243229166666667,10.008926,0.234302775065105
2022-09-15,10.258958333333334,10.036898,0.22206067403157626
2022-09-16,10.276354166666666,10.042762,0.23359236399332595
2022-09-17,10.2959375,10.103221,0.19271656036377038
2022-09-18,10.308854166666668,10.100642,0.20821196238200024
2022-09-19,10.3275,10.137112,0.1903883361816412
2022-09-20,10.3484375,10.129636,0.2188016891479485
2022-09-21,10.36625,10.181317,0.18493267059326257
2022-09-22,10.38,10.151027,0.2289732742309578
2022-09-23,10.405833333333334,10.195002,0.21083173116048215
2022-09-24,10.418333333333331,10.213467,0.20486668904622185
2022-09-25,10.427916666666668,10.225428,0.20248903910319171
2022-09-26,10.4465625,10.207837,0.23872539520263736
2022-09-27,10.468645833333332,10.231941,0.2367046101888004
2022-09-28,10.487291666666666,10.286589,0.2007029978434236
2022-09-29,10.492291666666668,10.354871,0.13742087046305507
2022-09-30,10.468854166666668,10.336399,0.13245508829752772
2022-10-01,10.3384375,10.300758,0.03767913818359325
2022-10-02,10.334583333333333,10.234947,0.09963612874348904
2022-10-03,10.316458333333333,10.079398,0.23706017812093094
2022-10-04,10.308020833333334,9.915212,0.3928091557820643
2022-10-05,10.3184375,9.8385315,0.47990600585937493
2022-10-06,10.336354166666666,9.750105,0.5862492624918616
2022-10-07,10.358854166666664,9.786571,0.5722836176554331
2022-10-08,10.386041666666667,9.744222,0.6418199793497728
2022-10-09,10.401979166666669,9.801565,0.6004139963785828
2022-10-10,10.417395833333334,9.759406,0.657989743550619
2022-10-11,10.432604166666666,9.754207,0.6783975092569978
2022-10-12,10.440104166666666,9.690397,0.7497069040934239
2022-10-13,10.436354166666666,9.694963,0.7413907114664706
2022-10-14,10.4496875,9.741698,0.707989234924316
2022-10-15,10.462708333333333,9.749879,0.7128294499715171
2022-10-16,10.4734375,9.778429,0.695008468627929
2022-10-17,10.403645833333334,9.827603,0.5760424931844081
2022-10-18,10.398333333333332,9.808443,0.5898902638753238
2022-10-19,10.416145833333331,9.82326,0.5928855260213197
2022-10-20,10.4315625,9.888959,0.5426035690307618
2022-10-21,10.447083333333332,9.939697,0.5073860677083317
2022-10-22,10.457604166666668,9.961427,0.4961774317423515
2022-10-23,10.436145833333333,9.969868,0.46627812703450466
2022-10-24,10.379791666666668,9.980817,0.39897482554117936
2022-10-25,10.3728125,10.003206,0.3696062469482424
2022-10-26,10.373229166666668,9.99659,0.376639506022137
2022-10-27,10.393229166666666,10.014325,0.3789040247599278
2022-10-28,10.404375,10.001896,0.4024790954589843
2022-10-29,10.412291666666668,10.046696,0.36559595743815265
2022-10-30,10.416666666666666,10.011019,0.40564791361490826
2022-10-31,10.424583333333333,10.018423,0.4061602528889967
2022-11-01,10.4140625,10.045554,0.36850833892822266
2022-11-02,10.423229166666667,10.017554,0.40567488352457737
2022-11-03,10.428645833333333,10.021942,0.4067036946614575
2022-11-04,10.434895833333334,10.047074,0.387821515401205
2022-11-05,10.438333333333333,10.039599,0.39873391469319586
2022-11-06,10.446770833333334,10.023976,0.42279450734456425
2022-11-07,10.453541666666666,10.036234,0.4173077646891272
2022-11-08,10.465416666666668,10.031332,0.434084650675457
2022-11-09,10.467916666666666,10.023706,0.4442102305094391
2022-11-10,10.464583333333334,10.030183,0.43440049489339216
2022-11-11,10.445520833333331,10.021456,0.42406506856282355
2022-11-12,10.446145833333333,9.986172,0.4599741109212232
2022-11-13,10.463854166666668,10.026782,0.43707213083903085
2022-11-14,10.4734375,10.032207,0.4412309646606438
2022-11-15,10.462916666666668,10.077302,0.385614687601727
2022-11-16,10.424375,10.069515,0.3548597717285151
2022-11-17,10.435,10.059285,0.37571483612060597
2022-11-18,10.4440625,10.065915,0.3781473922729486
2022-11-19,10.448958333333332,10.108882,0.3400763829549138
2022-11-20,10.463645833333333,10.160522,0.30312337239583265
2022-11-21,10.467916666666666,10.154818,0.31309908548990784
2022-11-22,10.470104166666667,10.20647,0.2636346308390305
2022-11-23,10.476458333333332,10.200055,0.27640321095784337
2022-11-24,10.480833333333337,10.211861,0.2689726765950553
2022-11-25,10.4515625,10.2524,0.1991621017456051
2022-11-26,10.446875,10.248943,0.19793167114257848
2022-11-27,10.4153125,10.248383,0.16692993164062564
2022-11-28,10.4003125,10.214125,0.18618782043457038
2022-11-29,10.394166666666669,10.240902,0.1532647196451844
2022-11-30,10.366041666666666,10.2248,0.14124155680338468
2022-12-01,10.375416666666666,10.208159,0.1672572199503577
2022-12-02,10.365520833333331,10.196976,0.1685451253255188
2022-12-03,10.340208333333331,10.15882,0.18138818105061638
2022-12-04,10.330208333333331,10.105082,0.22512677510579238
2022-12-05,10.325208333333334,10.100947,0.22426095326741624
2022-12-06,10.314583333333331,10.049242,0.2653413136800111
2022-12-07,10.289791666666668,10.050096,0.23969610850016387
2022-12-08,10.279895833333333,9.997152,0.28274350484212185
2022-12-09,10.271041666666669,9.970458,0.30058363596598525
2022-12-10,10.264791666666666,9.958416,0.3063756815592438
2022-12-11,10.25,9.938277,0.3117227554321289
2022-12-12,10.248854166666666,9.917696,0.3311581675211581
2022-12-13,10.243020833333334,9.9534445,0.28957635243733826
2022-12-14,10.2321875,9.935367,0.296820869445801
2022-12-15,10.151875,9.948377,0.20349834442138715
2022-12-16,9.988645833333331,9.905195,0.08345059712727654
2022-12-17,9.892291666666669,9.9258995,-0.03360783894856567
2022-12-18,9.844583333333333,9.886139,-0.041555582682292425
2022-12-19,9.809791666666667,9.899673,-0.08988179524739515
2022-12-20,9.7775,9.876528,-0.09902778625488295
2022-12-21,9.753333333333332,9.841835,-0.08850168863932417
2022-12-22,9.7109375,9.7998085,-0.08887100219726562
2022-12-23,9.700833333333334,9.714404,-0.013570772806803078
2022-12-24,9.70375,9.682126,0.02162395477294865
2022-12-25,9.691249999999998,9.705184,-0.013933982849122728
2022-12-26,9.6865625,9.674957,0.011605224609375853
2022-12-27,9.676041666666666,9.582911,0.09313112894693987
2022-12-28,9.670104166666668,9.540299,0.12980475107828937
2022-12-29,9.665625,9.538785,0.12684001922607457
2022-12-30,9.658958333333333,9.448582,0.21037663777669202
2022-12-31,9.630104166666667,9.495842,0.1342621866861986
2023-01-01,9.595208333333334,9.411561,0.18364732106526738
2023-01-02,9.572708333333331,9.341734,0.23097440083821397
2023-01-03,9.545729166666666,9.405532,0.14019728342691984
2023-01-04,9.530729166666665,9.419751,0.11097799936930208
2023-01-05,9.515520833333332,9.408346,0.10717465718587071
2023-01-06,9.505729166666667,9.3494005,0.15632864634195975
2023-01-07,9.4921875,9.316373,0.17581462860107422
2023-01-08,9.472916666666666,9.217481,0.25543600718180315
2023-01-09,9.443229166666667,9.162734,0.2804951349894207
2023-01-10,9.439479166666668,9.117555,0.321924502054852
2023-01-11,9.431979166666666,9.1844845,0.24749468485514292
2023-01-12,9.409166666666666,9.177513,0.23165354410807204
2023-01-13,9.398020833333334,9.158085,0.2399359639485681
2023-01-14,9.401666666666669,9.080018,0.32164862314860265
2023-01-15,9.399583333333334,9.17308,0.22650288899739657
2023-01-16,9.389375000000001,9.191586,0.19778945922851676
2023-01-17,9.381354166666666,9.205467,0.17588694254557247
2023-01-18,9.390416666666669,9.17655,0.2138667551676452
2023-01-19,9.376354166666667,9.240944,0.13541025797526096
2023-01-20,9.388125000000002,9.2346945,0.15343051910400618
2023-01-21,9.395,9.233274,0.1617255401611324
2023-01-22,9.375,9.247674,0.12732601165771484
2023-01-23,9.378854166666668,9.302396,0.07645834604899271
2023-01-24,9.394583333333332,9.269191,0.12539254506428854
2023-01-25,9.36125,9.2818,0.07944972991943366
2023-01-26,9.330625,9.230605,0.10001987457275341
2023-01-27,9.315625,9.15791,0.15771465301513743
2023-01-28,9.303958333333334,9.165902,0.13805619557698634
2023-01-29,9.286666666666669,9.155763,0.13090399424235244
2023-01-30,9.273854166666666,9.077787,0.1960667673746741
2023-01-31,9.265833333333331,9.11608,0.14975304921467902
2023-02-01,9.253541666666669,9.133698,0.11984320322672737
2023-02-02,9.237916666666669,9.001916,0.23600073496500862
2023-02-03,9.242083333333332,9.032899,0.20918443044026525
2023-02-04,9.243333333333334,9.062414,0.18091916402181063
2023-02-05,9.2196875,9.026171,0.19351676940917883
2023-02-06,9.211354166666668,9.101359,0.1099947992960626
2023-02-07,9.212395833333334,9.024159,0.18823640187581425
2023-02-08,9.209166666666668,9.072473,0.13669409434000812
2023-02-09,9.196666666666667,9.094271,0.1023959604899094
2023-02-10,9.203020833333332,9.036733,0.16628815968831212
2023-02-11,9.211979166666667,9.074604,0.13737513224283937
2023-02-12,9.176979166666667,9.107327,0.06965170542399157
2023-02-13,9.1859375,9.154797,0.03114089965820277
2023-02-14,9.20375,9.133576,0.07017360687255803
2023-02-15,9.189166666666669,9.210989,-0.021822331746417234
2023-02-16,9.185416666666669,9.168481,0.016935793558758405
2023-02-17,9.178333333333333,9.120245,0.05808835347493435
2023-02-18,9.203958333333334,9.113622,0.09033662160237732
2023-02-19,9.181354166666669,9.001242,0.18011248270670777
2023-02-20,9.166770833333334,9.096995,0.06977547963460395
2023-02-21,9.175416666666669,9.089849,0.08556719462077034
2023-02-22,9.187083333333332,9.143481,0.04360207875569522
2023-02-23,9.184583333333332,9.206518,-0.021934839884441004
2023-02-24,9.206875,9.19727,0.00960460662841811
2023-02-25,9.196354166666667,9.170276,0.026078478495280777
2023-02-26,9.183958333333331,9.189876,-0.005917269388836743
2023-02-27,9.183958333333331,9.170719,0.0132391866048156
2023-02-28,9.195416666666668,9.103414,0.09200308481852382
2023-03-01,9.208854166666669,9.172651,0.036202875773113874
2023-03-02,9.193229166666669,9.118868,0.07436129252116075
2023-03-03,9.193958333333333,9.220417,-0.026458689371745336
2023-03-04,9.196979166666669,9.162113,0.03486597696940308
2023-03-05,9.213229166666666,9.206822,0.0064067713419593275
2023-03-06,9.1990625,9.236895,-0.03783210754394517
2023-03-07,9.194270833333333,9.228812,-0.03454138437906984
2023-03-08,9.208229166666667,9.201465,0.006764513651530635
2023-03-09,9.208020833333334,9.195823,0.012198117574056866
2023-03-10,9.191249999999998,9.214485,-0.023235168457032884
2023-03-11,9.203645833333333,9.217826,-0.014180056254069484
2023-03-12,9.214347826086955,9.2168045,-0.002456678307575899
2023-03-13,9.201874999999998,9.2301,-0.028224678039553197
2023-03-14,9.217291666666666,9.227816,-0.010523961385091596
2023-03-15,9.235,9.171389,0.06361137390136662
2023-03-16,9.241875000000002,9.183913,0.05796176910400597
2023-03-17,9.232291666666669,9.177985,0.05430647532145372
2023-03-18,9.245208333333332,9.186933,0.05827576955159408
2023-03-19,9.272708333333332,9.206914,0.06579438527425019
2023-03-20,9.286145833333332,9.236691,0.04945435841878165
2023-03-21,9.297708333333334,9.293921,0.003786862691244508
2023-03-22,9.299270833333331,9.239487,0.059784138997393654
2023-03-23,9.295625,9.281497,0.014127998352050142
2023-03-24,9.3128125,9.258809,0.054003410339355185
2023-03-25,9.3103125,9.271754,0.038558235168457244
2023-03-26,9.338645833333333,9.282127,0.056518452962238896
2023-03-27,9.341354166666669,9.312192,0.029162203470868064
2023-03-28,9.363541666666666,9.296401,0.06714064280192034
2023-03-29,9.373645833333333,9.298856,0.07479005177815701
2023-03-30,9.394375,9.314135,0.08024040222167983
2023-03-31,9.391041666666668,9.297535,0.09350672403971494
2023-04-01,9.367291666666668,9.304401,0.06289026896159022
2023-04-02,9.403020833333334,9.303775,0.09924599965413528
2023-04-03,9.412916666666666,9.334318,0.07859850565592374
2023-04-04,9.420208333333331,9.2887125,0.1314958318074524
2023-04-05,9.435208333333334,9.342521,0.0926876195271813
2023-04-06,9.445416666666668,9.336323,0.10909388224284022
2023-04-07,9.454583333333334,9.36432,0.09026353200276738
2023-04-08,9.459479166666666,9.338112,0.12136728922525997
2023-04-09,9.469583333333334,9.281116,0.18846780141194763
2023-04-10,9.478333333333332,9.277395,0.20093808492024579
2023-04-11,9.476041666666667,9.319119,0.15692221323649136
2023-04-12,9.4828125,9.309374,0.17343864440917933
2023-04-13,9.496979166666668,9.4118,0.08517878214518326
2023-04-14,9.508333333333333,9.424443,0.08389008839925083
2023-04-15,9.514166666666666,9.466587,0.04757960001627559
2023-04-16,9.521458333333332,9.471232,0.05022591908772611
2023-04-17,9.531354166666668,9.477058,0.0542957560221371
2023-04-18,9.552083333333334,9.475749,0.07633431752522846
2023-04-19,9.571979166666669,9.490841,0.08113825480143433
2023-04-20,9.577604166666667,9.490786,0.08681856791178433
2023-04-21,9.584375,9.5040865,0.08028850555419886
2023-04-22,9.58489583333333,9.535352,0.04954408009846745
2023-04-23,9.564791666666666,9.502079,0.06271265665690073
2023-04-24,9.583125,9.504498,0.0786274719238289
2023-04-25,9.597083333333332,9.462911,0.13417268117268755
2023-04-26,9.603020833333334,9.489742,0.11327855428059941
2023-04-27,9.6103125,9.468813,0.14149955749511633
2023-04-28,9.589895833333332,9.4669075,0.12298833211262838
2023-04-29,9.588645833333333,9.411194,0.17745198567708265
2023-04-30,9.552395833333334,9.376979,0.17541695912679067
2023-05-01,9.538645833333332,9.342511,0.19613465627034365
2023-05-02,9.5225,9.299531,0.22296901702880945
2023-05-03,9.52125,9.3488,0.17245029449462912
2023-05-04,9.539583333333333,9.339574,0.20000947316487583
2023-05-05,9.548854166666668,9.290952,0.25790243784586764
2023-05-06,9.553125,9.338094,0.2150312423706051
2023-05-07,9.544583333333334,9.314443,0.2301406987508141
2023-05-08,9.535520833333331,9.365179,0.1703417714436828
2023-05-09,9.539479166666666,9.379272,0.1602067057291663
2023-05-10,9.555416666666668,9.390952,0.16446455637614044
2023-05-11,9.5625,9.379561,0.1829385757446289
2023-05-12,9.56875,9.398525,0.17022476196289027
2023-05-13,9.56854166666667,9.375189,0.19335283915202162
2023-05-14,9.5159375,9.377401,0.13853614807128878
2023-05-15,9.489270833333334,9.332673,0.1565977605183928
2023-05-16,9.458125,9.349762,0.10836303710937578
2023-05-17,9.438958333333334,9.3253765,0.1135818227132166
2023-05-18,9.449895833333333,9.355115,0.09478089650471944
2023-05-19,9.43625,9.266175,0.17007472991943295
2023-05-20,9.405520833333334,9.301806,0.10371438344319728
2023-05-21,9.4025,9.319894,0.0826061630249022
2023-05-22,9.410312499999998,9.364136,0.04617675781249808
2023-05-23,9.411041666666668,9.278644,0.13239805857340592
2023-05-24,9.403958333333334,9.328091,0.07586766560872427
2023-05-25,9.4190625,9.2932005,0.12586200714111406
2023-05-26,9.429791666666668,9.346666,0.08312533060709804
2023-05-27,9.435416666666669,9.351924,0.08349272410075059
2023-05-28,9.425833333333332,9.29203,0.13380299886067526
2023-05-29,9.409999999999998,9.342543,0.06745735168456868
2023-05-30,9.416458333333331,9.36653,0.04992791493733506
2023-05-31,9.4190625,9.348418,0.07064426422119219
2023-06-01,9.423229166666669,9.351929,0.07130045572916899
2023-06-02,9.4284375,9.374281,0.05415657043456967
2023-06-03,9.445833333333333,9.390301,0.055532582600910985
2023-06-04,9.4603125,9.415364,0.04494823455810604
2023-06-05,9.470729166666668,9.426303,0.0444262568155942
2023-06-06,9.480729166666668,9.457397,0.023331705729168206
2023-06-07,9.4990625,9.49233,0.006732902526856321
2023-06-08,9.512812500000003,9.4547615,0.05805099487304943
2023-06-09,9.526145833333333,9.4677,0.05844582875569593
2023-06-10,9.552604166666669,9.510172,0.0424322764078795
2023-06-11,9.574895833333334,9.533277,0.04161927541097121
2023-06-12,9.581041666666666,9.555364,0.02567801157633376
2023-06-13,9.6009375,9.498196,0.1027418518066412
2023-06-14,9.618229166666667,9.5274105,0.09081865946451906
2023-06-15,9.644791666666668,9.512828,0.13196379343668774
2023-06-16,9.654479166666668,9.566475,0.08800425211588703
2023-06-17,9.658229166666668,9.531791,0.12643843332926608
2023-06-18,9.683125,9.550855,0.13227031707763715
2023-06-19,9.705104166666668,9.535701,0.16940336863200045
2023-06-20,9.7159375,9.578938,0.13699996948242266
2023-06-21,9.663020833333333,9.546378,0.11664269765218016
2023-06-22,9.607083333333334,9.534874,0.07220937093098989
2023-06-23,9.580833333333333,9.456915,0.12391843159993421
2023-06-24,9.566666666666668,9.419304,0.14736277262369946
2023-06-25,9.573645833333334,9.405155,0.16849065144856823
2023-06-26,9.584166666666668,9.42681,0.15735640207926593
2023-06-27,9.5709375,9.419943,0.1509946441650385
2023-06-28,9.578645833333333,9.434788,0.14385808308919223
2023-06-29,9.5909375,9.42079,0.1701477813720711
2023-06-30,9.598437500000001,9.445202,0.1532356262207042
2023-07-01,9.602291666666666,9.406837,0.19545420328775975
2023-07-02,9.612395833333332,9.416708,0.19568784077962142
2023-07-03,9.634895833333331,9.384855,0.25004056294758925
2023-07-04,9.656354166666668,9.383114,0.273240305582684
2023-07-05,9.677916666666668,9.393759,0.28415789286295734
2023-07-06,9.689270833333333,9.430238,0.2590330632527671
2023-07-07,9.7015625,9.41076,0.2908025741577145
2023-07-08,9.716041666666666,9.4406395,0.2754021708170562
2023-07-09,9.7146875,9.407035,0.3076526260375978
2023-07-10,9.700208333333334,9.448219,0.25198903401692796
2023-07-11,9.723020833333337,9.500034,0.22298650105794593
2023-07-12,9.7453125,9.504979,0.24033336639404368
2023-07-13,9.765833333333331,9.525094,0.2407393010457337
2023-07-14,9.785104166666668,9.498808,0.2862962595621763
2023-07-15,9.783125,9.513056,0.2700691986083985
2023-07-16,9.603333333333332,9.468162,0.13517175038655438
2023-07-17,9.230208333333334,9.421481,-0.19127279917399065
2023-07-18,9.224583333333332,9.420048,-0.19546442667643404
2023-07-19,9.227604166666667,9.349086,-0.12148164113362547
2023-07-20,9.219791666666667,9.294441,-0.07464955647786375
2023-07-21,9.2115625,9.325681,-0.11411823272705135
2023-07-22,9.221041666666666,9.295085,-0.07404328664143911
2023-07-23,9.235520833333334,9.328452,-0.09293127695719328
2023-07-24,9.237291666666664,9.304698,-0.06740632375081645
2023-07-25,9.232291666666669,9.2393465,-0.00705483754475722
2023-07-26,9.1915625,9.2715,-0.07993713378906264
2023-07-27,9.190520833333332,9.249221,-0.05870001475016373
2023-07-28,9.203229166666668,9.227343,-0.024113438924151964
2023-07-29,9.204166666666667,9.184787,0.019379870096843277
2023-07-30,9.190833333333332,9.136575,0.05425858815510942
2023-07-31,9.19375,9.10378,0.08997020721435511
2023-08-01,9.203229166666668,9.120998,0.08223078409830897
2023-08-02,9.2121875,9.161793,0.050394744873047514
2023-08-03,9.215833333333334,9.117295,0.0985380681355803
2023-08-04,9.2059375,9.143888,0.06204902648925703
2023-08-05,9.20625,9.1840515,0.02219848632812571
2023-08-06,9.222187499999999,9.194465,0.027722816467283806
2023-08-07,9.231458333333334,9.101011,0.13044705708821702
2023-08-08,9.251041666666667,9.205056,0.04598547617594484
2023-08-09,9.281458333333331,9.15322,0.12823815663655402
2023-08-10,9.287291666666668,9.145954,0.14133753458659015
2023-08-11,9.311354166666666,9.227617,0.08373690287272062
2023-08-12,9.336979166666667,9.200533,0.13644625345865968
2023-08-13,9.361770833333331,9.139133,0.22263737996419053
2023-08-14,9.371770833333333,9.199502,0.17226884206136006
2023-08-15,9.361666666666665,9.235144,0.12652300516764114
2023-08-16,9.384166666666667,9.24548,0.13868708292643284
2023-08-17,9.395729166666667,9.204326,0.19140349070231188
2023-08-18,9.418020833333333,9.2970705,0.12095033009847
2023-08-19,9.457291666666666,9.28114,0.17615133921305315
2023-08-20,9.479895833333334,9.271645,0.2082512410481776
2023-08-21,9.498020833333332,9.362771,0.13524979909260892
2023-08-22,9.5184375,9.329117,0.18932067871093672
2023-08-23,9.538958333333332,9.347978,0.19098069508870275
2023-08-24,9.553125,9.358193,0.194931602478027
2023-08-25,9.565416666666668,9.328513,0.23690352121989022
2023-08-26,9.570833333333336,9.448541,0.12229264577230126
2023-08-27,9.550208333333334,9.358074,0.19213414510091198
2023-08-28,9.555208333333336,9.461519,0.0936890920003286
2023-08-29,9.548333333333334,9.385486,0.16284768422444706
2023-08-30,9.5584375,9.405608,0.15282932281494155
2023-08-31,9.58583333333333,9.379323,0.20651032765706034
2023-09-01,9.612395833333332,9.437535,0.17486054738362533
2023-09-02,9.622916666666669,9.454535,0.16838213602702012
2023-09-03,9.637916666666667,9.39937,0.23854647318522204
2023-09-04,9.658958333333333,9.454813,0.20414532979329358
2023-09-05,9.679895833333331,9.471805,0.20809121449788215
2023-09-06,9.698125,9.540726,0.15739929199218672
2023-09-07,9.719270833333336,9.475475,0.24379552205403954
2023-09-08,9.734479166666668,9.528217,0.20626185099284022
2023-09-09,9.731458333333334,9.517241,0.21421780904134202
2023-09-10,9.701666666666666,9.54227,0.159396959940592
2023-09-11,9.712604166666669,9.547324,0.16527998606364136
2023-09-12,9.7309375,9.59981,0.13112785339355426
2023-09-13,9.749479166666667,9.540537,0.20894228617350308
2023-09-14,9.770208333333333,9.629975,0.1402330144246413
2023-09-15,9.788125,9.606275,0.18185039520263757
2023-09-16,9.807708333333334,9.665523,0.14218575795491617
2023-09-17,9.823333333333332,9.670182,0.15315110524495346
2023-09-18,9.8084375,9.690279,0.11815849304199233
2023-09-19,9.82375,9.642188,0.18156192779541058
2023-09-20,9.8309375,9.625641,0.20529663085937422
2023-09-21,9.8375,9.589407,0.24809303283691442
2023-09-22,9.8428125,9.633306,0.20950695037841882
2023-09-23,9.6578125,9.577385,0.0804275512695316
2023-09-24,9.514895833333332,9.540722,-0.025826059977214655
2023-09-25,9.495833333333334,9.533872,-0.03803831736246721
2023-09-26,9.48541666666667,9.480401,0.005015627543134116
2023-09-27,9.476145833333334,9.484546,-0.008399874369303006
2023-09-28,9.470520833333332,9.462605,0.007915356953937192
2023-09-29,9.468333333333334,9.4328165,0.035516827901204806
2023-09-30,9.474791666666668,9.457759,0.01703276316325031
2023-10-01,9.479270833333333,9.4053545,0.07391633351643812
2023-10-02,9.492083333333332,9.410448,0.08163525899251134
2023-10-03,9.503541666666669,9.40157,0.10197134653727424
2023-10-04,9.5184375,9.415124,0.10331356048583906
2023-10-05,9.527395833333332,9.409989,0.1174064763387026
2023-10-06,9.529479166666668,9.460164,0.06931509653727375
2023-10-07,9.535000000000002,9.486167,0.048833045959474575
2023-10-08,9.558125,9.472554,0.0855707931518559
2023-10-09,9.578125,9.515546,0.06257915496826172
2023-10-10,9.593958333333331,9.522926,0.07103200276692512
2023-10-11,9.611666666666668,9.525014,0.0866527430216486
2023-10-12,9.628958333333332,9.583784,0.04517422993977682
2023-10-13,9.649583333333334,9.610981,0.03860234578450594
2023-10-14,9.627916666666666,9.664076,-0.0361591847737639
2023-10-15,9.621979166666668,9.613755,0.008223940531413731
2023-10-16,9.643645833333334,9.611825,0.03182084401448648
2023-10-17,9.668333333333331,9.605421,0.06291226704915154
2023-10-18,9.684375,9.624983,0.0593921661376946
2023-10-19,9.693125,9.599134,0.09399055480957053
2023-10-20,9.686458333333333,9.638299,0.04815934499104735
2023-10-21,9.701979166666666,9.650054,0.05192518870035734
2023-10-22,9.7321875,9.630509,0.1016781234741213
2023-10-23,9.759583333333332,9.687306,0.07227692921956219
2023-10-24,9.770416666666666,9.677804,0.0926126734415682
2023-10-25,9.775833333333331,9.67117,0.10466309865315537
2023-10-26,9.784166666666666,9.681461,0.10270533243815017
2023-10-27,9.792083333333332,9.66,0.132083485921223
2023-10-28,9.801145833333337,9.679912,0.12123421986898109
2023-10-29,9.805625,9.702127,0.10349754333496008
2023-10-30,9.8128125,9.74234,0.07047241210937472
2023-10-31,9.820104166666669,9.767497,0.052607103983563164
2023-11-01,9.821875,9.76494,0.05693473815918004
2023-11-02,9.837291666666667,9.761786,0.07550520579020237
2023-11-03,9.835104166666666,9.759881,0.07522314707438049
2023-11-04,9.831770833333334,9.757161,0.07460969289143904
2023-11-05,9.84,9.773069,0.06693061828613267
2023-11-06,9.848645833333332,9.8175,0.031145718892414465
2023-11-07,9.850625,9.833902,0.01672264099121179
2023-11-08,9.865729166666666,9.864988,0.0007408396402990292
2023-11-09,9.865208333333332,9.851919,0.013289159138995643
2023-11-10,9.880729166666669,9.875692,0.005036799112957624
2023-11-11,9.886770833333337,9.847481,0.03929005940755559
2023-11-12,9.891354166666668,9.853595,0.03775938669840606
2023-11-13,9.891875,9.853046,0.038828582763672514
2023-11-14,9.904479166666668,9.855407,0.049072405497234683
2023-11-15,9.909479166666667,9.841092,0.0683870569864915
2023-11-16,9.911145833333334,9.873166,0.03797974904378343
2023-11-17,9.909583333333334,9.884956,0.024626973470052604
2023-11-18,9.920104166666668,9.925079,-0.004975179036456723
2023-11-19,9.933645833333332,9.894701,0.0389448293050112
2023-11-20,9.9475,9.947034,0.0004661178588865056
2023-11-21,9.932083333333331,9.944589,-0.012505327860516502
2023-11-22,9.893958333333334,9.937465,-0.043506380716959114
2023-11-23,9.92375,9.861158,0.06259162902832038
2023-11-24,9.938229166666666,9.840722,0.09750708262125585
2023-11-25,9.948958333333332,9.842051,0.10690778096516773
2023-11-26,9.931666666666668,9.859662,0.07200461069743014
2023-11-27,9.930625,9.8275585,0.10306648254394446
2023-11-28,9.948333333333332,9.844844,0.1034894688924144
2023-11-29,9.9559375,9.831534,0.12440311431884687
2023-11-30,9.9634375,9.862271,0.10116619110107372
2023-12-01,9.9634375,9.852045,0.11139244079589794
2023-12-02,9.954375,9.860985,0.09339019775390689
2023-12-03,9.925416666666669,9.811945,0.11347170511881721
2023-12-04,9.912604166666666,9.832564,0.08003981272379512
2023-12-05,9.906145833333332,9.8209505,0.08519532521565587
2023-12-06,9.904895833333333,9.8567,0.04819588979085232
2023-12-07,9.903854166666669,9.845129,0.05872515360514541
2023-12-08,9.906458333333331,9.865958,0.040500119527179024
2023-12-09,9.904583333333331,9.856368,0.0482152684529602
2023-12-10,9.886041666666667,9.87001,0.016031290690104782
2023-12-11,9.8109375,9.838947,-0.02800979614257848
2023-12-12,9.7290625,9.819267,-0.09020477294921925
2023-12-13,9.680833333333334,9.739653,-0.05881930033365812
2023-12-14,9.651458333333334,9.756451,-0.10499231974283774
2023-12-15,9.623958333333333,9.669854,-0.04589583079020265
2023-12-16,9.607291666666669,9.65997,-0.05267861684163222
2023-12-17,9.5453125,9.616986,-0.07167377471923864
2023-12-18,8.890520833333333,9.463286,-0.5727655665079752
2023-12-19,8.699062500000002,9.367122,-0.668059196472166
2023-12-20,8.733125,9.262416,-0.5292908859252936
2023-12-21,8.735104166666668,9.140943,-0.4058384068806955
2023-12-22,8.725,8.992842,-0.26784172058105504
2023-12-23,8.7165625,8.760724,-0.04416156768798807
2023-12-24,8.711354166666668,8.595657,0.11569681803385556
2023-12-25,8.712083333333334,8.651647,0.060436719258627036
2023-12-26,8.709479166666666,8.65017,0.05930884043375606
2023-12-27,8.695833333333333,8.646346,0.049487241109211766
2023-12-28,8.694791666666664,8.579689,0.11510264078775734
2023-12-29,8.697291666666667,8.638158,0.05913382212320961
2023-12-30,8.697083333333333,8.691573,0.005510190327962405
2023-12-31,8.7015625,8.69506,0.006502723693847301
2024-01-01,8.700625,8.678364,0.022261199951172372
2024-01-02,8.713541666666668,8.7319355,-0.01839383443196496
2024-01-03,8.718333333333334,8.722499,-0.0041655604044592565
2024-01-04,8.731875,8.766738,-0.034862937927245596
2024-01-05,8.7553125,8.72758,0.02773242950439503
2024-01-06,8.706041666666666,8.716503,-0.010461476643881085
2024-01-07,8.6309375,8.574302,0.056635780334472585
2024-01-08,8.633020833333335,8.620977,0.012043431599936483
2024-01-09,8.556666666666667,8.519361,0.03730612436930336
2024-01-10,8.290208333333334,8.049469,0.24073933919270907
2024-01-11,8.232395833333333,7.990225,0.24217099507649742
2024-01-12,8.208229166666667,8.083005,0.12522421518961657
2024-01-13,8.123125,8.020973,0.10215179443359368
2024-01-14,8.126666666666667,7.9112563,0.21541035334269232
2024-01-15,8.134583333333333,7.979881,0.15470252354939795
2024-01-16,8.106666666666667,7.958662,0.14800463358561267
2024-01-17,8.116562499999999,7.9852057,0.13135684967040895
2024-01-18,8.119375,8.006931,0.11244369506835916
2024-01-19,8.115729166666666,8.032029,0.08370001475016231
2024-01-20,8.1690625,7.9439893,0.22507322311401445
2024-01-21,8.211458333333335,8.050718,0.16074002583821745
2024-01-22,8.234687500000001,8.122633,0.1120545196533218
2024-01-23,8.2515625,8.158355,0.09320774078369176
2024-01-24,8.270104166666666,8.158219,0.11188482920328724
2024-01-25,8.279479166666667,8.217218,0.06226076761881494
2024-01-26,8.299999999999999,8.225487,0.07451324462890518
2024-01-27,8.3403125,8.223525,0.11678745269775348
2024-01-28,8.2840625,8.20771,0.07635223388671797
2024-01-29,8.303333333333333,8.095432,0.20790105183919216
2024-01-30,8.3340625,8.124702,0.20936004638671868
2024-01-31,8.3425,8.199593,0.1429074096679681
2024-02-01,8.362604166666666,8.2081375,0.15446665445963426
2024-02-02,8.37875,8.219684,0.15906635284423842
2024-02-03,8.41625,8.2094,0.20684982299804666
2024-02-04,8.428333333333333,8.250169,0.17816453297932888
2024-02-05,8.447083333333333,8.332971,0.11411271413167334
2024-02-06,8.4825,8.3643465,0.11815349578857415
2024-02-07,8.509479166666667,8.411454,0.09802496592203802
2024-02-08,8.525520833333333,8.412889,0.11263230641682931
2024-02-09,8.526458333333332,8.446629,0.07982976277669174
2024-02-10,8.537916666666666,8.451203,0.08671332041422453
2024-02-11,8.544166666666667,8.424009,0.12015734354655017
2024-02-12,8.528333333333332,8.371893,0.156440404256184
2024-02-13,8.426145833333333,8.330848,0.09529809315999316
2024-02-14,8.3440625,8.232422,0.11164062499999972
2024-02-15,8.3065625,8.238301,0.06826122283935554
2024-02-16,8.29125,8.242706,0.04854370117187479
2024-02-17,8.2865625,8.200239,0.08632331848144581
2024-02-18,8.309895833333334,8.2061205,0.1037753423055019
2024-02-19,8.343958333333333,8.245681,0.09827752431233705
2024-02-20,8.376666666666667,8.273822,0.10284483591715521
2024-02-21,8.387395833333334,8.289226,0.09817025502522903
2024-02-22,8.376770833333333,8.313731,0.06303963979085303
2024-02-23,8.370729166666665,8.330803,0.03992624918619647
2024-02-24,8.4240625,8.271049,0.15301395416259744
2024-02-25,8.478333333333333,8.384214,0.09411893208821631
2024-02-26,8.487604166666667,8.413073,0.07453158060709697
2024-02-27,8.504895833333334,8.38347,0.1214262517293303
2024-02-28,8.490833333333333,8.39358,0.09725289662678982
2024-02-29,8.329270833333334,8.27565,0.05362080891927157
2024-03-01,8.2384375,8.331937,-0.09349933624267592
2024-03-02,8.008645833333334,8.270498,-0.2618524424235016
2024-03-03,7.785416666666666,7.9143615,-0.12894481023152693
2024-03-04,7.74875,7.9355583,-0.18680831909179663
2024-03-05,7.5571875,7.8776774,-0.32048994064331016
2024-03-06,7.338229166666667,7.7328606,-0.39463139851887963
2024-03-07,7.056666666666669,7.482586,-0.42591924031575257
2024-03-08,7.074479166666666,7.506818,-0.43233865102132185
2024-03-09,7.080729166666667,7.452077,-0.37134774525960257
2024-03-10,7.016630434782608,7.32569,-0.30905935785044836
2024-03-11,7.096145833333334,7.369724,-0.2735779635111486
2024-03-12,7.173125,7.470759,-0.29763391494751
2024-03-13,7.252708333333333,7.436124,-0.18341551462809313
2024-03-14,7.337916666666666,7.511365,-0.17344827016194753
2024-03-15,7.3871875,7.5918217,-0.204634170532227
2024-03-16,7.460729166666667,7.552531,-0.09180159886678041
2024-03-17,7.501562499999999,7.521894,-0.020331478118897905
2024-03-18,7.590833333333333,7.676117,-0.08528361002604168
2024-03-19,7.6590625,7.7047358,-0.04567325592041005
2024-03-20,7.705520833333334,7.7550297,-0.049508845011392744
2024-03-21,7.798958333333334,7.826286,-0.027327505747476444
2024-03-22,7.836145833333333,7.9723735,-0.1362276522318524
2024-03-23,7.786874999999998,7.909251,-0.12237621307373203
2024-03-24,7.803958333333333,7.7126784,0.0912799008687335
2024-03-25,7.837916666666666,7.7068253,0.1310914103190095
2024-03-26,7.860729166666666,7.6440215,0.21670765558878546
2024-03-27,7.891875,7.6493373,0.24253770828247045
2024-03-28,7.674062500000001,7.74231,-0.06824754714965753
2024-03-29,7.237916666666667,7.6618056,-0.4238889630635576
2024-03-30,7.213020833333334,7.705261,-0.4922403971354159
2024-03-31,7.269270833333334,7.6504197,-0.3811488787333168
2024-04-01,7.3115625,7.634888,-0.32332567214965824
2024-04-02,7.336458333333333,7.568781,-0.2323225657145187
2024-04-03,7.338958333333333,7.581646,-0.24268763224283862
2024-04-04,7.424166666666667,7.438076,-0.013909352620442128
2024-04-05,7.523541666666667,7.4408164,0.08272526423136384
2024-04-06,7.6025,7.5223618,0.08013824462890629
2024-04-07,7.676354166666666,7.633502,0.04285216013590443
2024-04-08,7.733958333333334,7.7020683,0.03189000447591184
2024-04-09,7.769583333333333,7.8046746,-0.03509129206339523
2024-04-10,7.8128125,7.7829185,0.02989404678344698
2024-04-11,7.832604166666666,7.8495727,-0.016968491872152214
2024-04-12,7.845937500000001,7.8516707,-0.005733242034911434
2024-04-13,7.910520833333333,7.8511558,0.05936507542928027
2024-04-14,7.943541666666667,7.9304223,0.013119360605876373
2024-04-15,7.973645833333333,7.9687095,0.004936364491780587
2024-04-16,8.015729166666667,8.085147,-0.06941773732503265
2024-04-17,8.0321875,8.032441,-0.0002536392211922589
2024-04-18,8.062916666666666,7.997417,0.06549969355265262
2024-04-19,8.093854166666667,8.030398,0.06345579783121735
2024-04-20,8.112499999999999,8.06319,0.04930953979492081
2024-04-21,8.139166666666666,8.108012,0.031154467264810748
2024-04-22,8.16625,8.085763,0.08048702239990213
2024-04-23,8.192083333333333,8.13266,0.05942342122395772
2024-04-24,8.213645833333333,8.172113,0.041532414754231084
2024-04-25,8.256979166666666,8.240334,0.016645609537759398
2024-04-26,8.283958333333333,8.257209,0.026749509175617803
2024-04-27,8.303854166666667,8.29492,0.008934199015300237
2024-04-28,8.31625,8.267989,0.04826084136962905
2024-04-29,8.340729166666668,8.282449,0.05828039805094498
2024-04-30,8.364166666666666,8.344889,0.0192779795328768
2024-05-01,8.393333333333333,8.360081,0.03325261433919202
2024-05-02,8.418229166666666,8.383144,0.035084788004557055
2024-05-03,8.444895833333332,8.383308,0.061587422688800686
2024-05-04,8.466458333333334,8.399259,0.06719971974690786
2024-05-05,8.482916666666666,8.441581,0.04133589426676387
2024-05-06,8.495,8.446893,0.04810726165771406
2024-05-07,8.48625,8.488164,-0.0019139480590819602
2024-05-08,8.5078125,8.496226,0.011586189270019531
2024-05-09,8.530937499999999,8.489319,0.04161865234374851
2024-05-10,8.554166666666667,8.538704,0.01546274820963589
2024-05-11,8.5803125,8.671231,-0.090918769836426
2024-05-12,8.5953125,8.734276,-0.1389633178710934
2024-05-13,8.621145833333333,8.658557,-0.03741110483805343
2024-05-14,8.635833333333334,8.662335,-0.026502062479654143
2024-05-15,8.547916666666667,8.676331,-0.1284138997395825
2024-05-16,8.4965625,8.565655,-0.0690922546386723
2024-05-17,8.515416666666667,8.450546,0.06487040201822936
2024-05-18,8.521041666666667,8.466538,0.05450323740641316
2024-05-19,8.539375,8.566086,-0.026710815429687784
2024-05-20,8.565,8.630572,-0.06557231903076222
2024-05-21,8.58875,8.588736,1.4419555663280903e-05
2024-05-22,8.611145833333333,8.645392,-0.034246584574381345
2024-05-23,8.631874999999999,8.721429,-0.08955387115478608
2024-05-24,8.648645833333333,8.760548,-0.11190180460611998
2024-05-25,8.668229166666666,8.757295,-0.08906548817952498
2024-05-26,8.683645833333333,8.755905,-0.07225931803385421
2024-05-27,8.690416666666666,8.825,-0.13458314259847093
2024-05-28,8.715625000000001,8.9095335,-0.19390850067138565
2024-05-29,8.733645833333334,8.853087,-0.1194415918985996
2024-05-30,8.7440625,8.838114,-0.09405128479003899
2024-05-31,8.769479166666667,8.832638,-0.06315862019856766
2024-06-01,8.784895833333332,8.866678,-0.08178240458170727
2024-06-02,8.798125,8.82658,-0.028455047607421236
2024-06-03,8.8096875,8.887118,-0.07743083953857344
2024-06-04,8.8303125,8.898284,-0.0679714584350588
2024-06-05,8.838541666666666,8.949931,-0.1113894780476894
2024-06-06,8.849166666666667,8.964479,-0.11531277974446574
2024-06-07,8.873958333333334,8.93528,-0.06132151285807197
2024-06-08,8.900833333333333,8.903211,-0.0023773066202803506
2024-06-09,8.913020833333333,8.886709,0.026311620076496567
2024-06-10,8.939479166666667,8.949099,-0.00961942036946617
2024-06-11,8.944270833333333,8.96731,-0.023039118448894058
2024-06-12,8.964166666666666,9.0142975,-0.050130818684896994
2024-06-13,8.981041666666668,9.034235,-0.05319333394368364
2024-06-14,8.99875,9.068287,-0.06953689575195376
2024-06-15,9.025833333333331,9.056529,-0.030695711771649314
2024-06-16,9.048854166666668,9.062787,-0.013932889302569862
2024-06-17,9.06729166666667,9.039899,0.027392794291181133
2024-06-18,9.089270833333332,9.115448,-0.026177164713542922
2024-06-19,9.110208333333333,9.046232,0.06397610982259039
2024-06-20,9.128333333333334,9.111644,0.016689542134603386
2024-06-21,9.146666666666668,9.063493,0.08317389170328937
2024-06-22,9.165520833333336,9.1188135,0.0467073186238629
2024-06-23,9.185625,9.095995,0.08963005065917962
2024-06-24,9.216145833333334,9.099061,0.11708482106526752
2024-06-25,9.247083333333334,9.124998,0.12208524068196702
2024-06-26,9.260520833333333,9.140602,0.1199187215169264
2024-06-27,9.215104166666668,9.2003355,0.014768664042156487
2024-06-28,9.250625,9.303535,-0.05291046142578182
2024-06-29,9.265208333333332,9.295124,-0.02991572062174619
2024-06-30,9.28,9.306547,-0.026547164916992827
2024-07-01,9.305625000000001,9.320209,-0.014583549499510795
2024-07-02,9.3315625,9.311039,0.0205235290527348
2024-07-03,9.348958333333334,9.268989,0.07996972401936908
2024-07-04,9.36875,9.324169,0.04458084106445348
2024-07-05,9.392083333333334,9.302123,0.08996026357015019
2024-07-06,9.4209375,9.360902,0.060035667419434446
2024-07-07,9.445520833333331,9.321307,0.12421365102131965
2024-07-08,9.46375,9.359782,0.10396778106689375
2024-07-09,9.482604166666668,9.347922,0.13468184153239093
2024-07-10,9.504375,9.372045,0.13233043670654254
2024-07-11,9.516354166666666,9.340712,0.17564257303873632
2024-07-12,9.438125,9.389846,0.04827915191650334
2024-07-13,9.394583333333332,9.387834,0.006749738057452603
2024-07-14,9.269375,9.343418,-0.07404312133789048
2024-07-15,9.253125,9.271237,-0.01811237335205007
2024-07-16,9.268020833333331,9.24438,0.023640836079913186
2024-07-17,9.2925,9.266237,0.026262741088867614
2024-07-18,9.312083333333335,9.230948,0.08113488515218314
2024-07-19,9.335520833333334,9.228948,0.10657319386800168
2024-07-20,9.34875,9.166064,0.18268573760986406
2024-07-21,9.35916666666667,9.158726,0.20044092814127978
2024-07-22,9.373125,9.185667,0.18745796203613274
2024-07-23,9.389375000000001,9.1340475,0.25532749176025504
2024-07-24,9.379895833333334,9.15095,0.22894540150960374
2024-07-25,9.394583333333332,9.118658,0.27592526753743307
2024-07-26,9.414791666666668,9.164551,0.2502408854166678
2024-07-27,9.441979166666666,9.184423,0.2575557200113927
2024-07-28,9.46625,9.107462,0.35878807067871143
2024-07-29,9.482395833333332,9.230439,0.2519566472371402
2024-07-30,9.492916666666668,9.198248,0.29466875712076934
2024-07-31,9.504895833333334,9.255233,0.24966302235921312
2024-08-01,9.521041666666669,9.2603855,0.2606561533610048
2024-08-02,9.541979166666666,9.294974,0.24700483957926345
2024-08-03,9.567708333333334,9.271551,0.2961572011311855
2024-08-04,9.586666666666666,9.314461,0.27220591227213475
2024-08-05,9.591875,9.248865,0.34300987243652337
2024-08-06,9.608229166666666,9.238694,0.369534975687662
2024-08-07,9.620625,9.266456,0.3541693496704106
2024-08-08,9.606145833333331,9.313728,0.2924175008137997
2024-08-09,9.604270833333333,9.321511,0.28275956471761
2024-08-10,9.606875,9.317706,0.2891688919067388
2024-08-11,9.62875,9.283909,0.3448411560058595
2024-08-12,9.647916666666667,9.319911,0.32800566355387417
2024-08-13,9.667395833333332,9.274524,0.39287209828694536
2024-08-14,9.685625,9.372147,0.31347839355468743
2024-08-15,9.702708333333334,9.35519,0.34751805623372434
2024-08-16,9.723125000000001,9.361853,0.3612723541259779
2024-08-17,9.735625,9.3639345,0.37169048309326236
2024-08-18,9.719166666666668,9.369589,0.3495778147379571
2024-08-19,9.732916666666666,9.388528,0.34438879648844356
2024-08-20,9.7159375,9.379965,0.33597267150878984
2024-08-21,9.736666666666668,9.419247,0.31741999308268376
2024-08-22,9.757708333333332,9.444977,0.31273152669270665
2024-08-23,9.7778125,9.466011,0.3118014526367183
2024-08-24,9.796354166666664,9.496816,0.29953848520914406
2024-08-25,9.816354166666668,9.516563,0.29979075113932474
2024-08-26,9.828958333333334,9.573865,0.25509339650472107
2024-08-27,9.846354166666666,9.592105,0.25424925486246686
2024-08-28,9.863854166666666,9.590715,0.27313875834147083
2024-08-29,9.890416666666669,9.59949,0.2909265009562194
2024-08-30,9.851979166666666,9.621953,0.23002615610758426
2024-08-31,9.846770833333332,9.615394,0.23137719472249252
2024-09-01,9.861458333333331,9.620688,0.2407698949178041
2024-09-02,9.87770833333333,9.564798,0.3129099782307918
2024-09-03,9.903645833333334,9.626183,0.2774632771809902
2024-09-04,9.919479166666669,9.59615,0.3233287684122743
2024-09-05,9.930937500000002,9.637453,0.2934844207763696
2024-09-06,9.9384375,9.631879,0.30655864715576087
2024-09-07,9.946666666666667,9.643388,0.3032788721720383
2024-09-08,9.973645833333334,9.690026,0.28361955006917405
2024-09-09,9.993750000000002,9.696306,0.2974437713623068
2024-09-10,10.0140625,9.7541275,0.2599349975585934
2024-09-11,10.036458333333334,9.757042,0.2794164021809902
2024-09-12,10.051354166666668,9.780038,0.27131628672282027
2024-09-13,10.064270833333332,9.772966,0.2913044484456364
2024-09-14,10.077395833333334,9.805615,0.2717804082234707
2024-09-15,10.0921875,9.802094,0.29009304046630824
2024-09-16,10.103020833333334,9.841395,0.2616254552205408
2024-09-17,10.103125,9.801368,0.3017572402954105
2024-09-18,10.071354166666666,9.785652,0.28570200602213447
2024-09-19,10.07625,9.712933,0.36331741333007805
2024-09-20,10.10125,9.713577,0.3876727294921878
2024-09-21,10.116458333333332,9.709949,0.4065097935994455
2024-09-22,10.121145833333332,9.745851,0.3752952702840151
2024-09-23,10.131041666666668,9.727788,0.40325369517008625
2024-09-24,10.1428125,9.761014,0.381798515319824
2024-09-25,10.151041666666666,9.744687,0.4063545862833653
2024-09-26,10.1559375,9.785401,0.3705361557006839
2024-09-27,10.148229166666669,9.760231,0.3879981486002624
2024-09-28,10.111875,9.748087,0.36378807067871044
2024-09-29,10.132083333333334,9.7303095,0.40177384694417384
2024-09-30,10.1465625,9.769871,0.3766917419433593
2024-10-01,10.146354166666669,9.7911625,0.355191675821942
2024-10-02,10.158020833333332,9.793374,0.36464677174885907
2024-10-03,10.172708333333334,9.789189,0.3835189946492523
2024-10-04,10.183645833333332,9.790667,0.3929792531331362
2024-10-05,10.194895833333332,9.772524,0.4223719533284491
2024-10-06,10.202500000000002,9.8341255,0.3683744812011742
2024-10-07,10.217395833333333,9.826694,0.39070229848225857
2024-10-08,10.243541666666667,9.877811,0.3657302347819016
2024-10-09,10.256041666666668,9.897833,0.35820879618326984
2024-10-10,10.2740625,9.906766,0.36729656219482365
2024-10-11,10.284270833333332,9.935271,0.34899957021077377
2024-10-12,10.297083333333331,9.928787,0.36829610188801887
2024-10-13,10.3065625,9.963952,0.3426104354858399
2024-10-14,10.33125,9.988475,0.34277515411377024
2024-10-15,10.345520833333332,10.030793,0.3147276433308903
2024-10-16,10.357395833333332,10.080986,0.27640981038411283
2024-10-17,10.367916666666666,10.10135,0.2665668360392246
2024-10-18,10.38354166666667,10.133966,0.249575220743818
2024-10-19,10.392291666666669,10.12197,0.27032148996989136
2024-10-20,10.398541666666668,10.173118,0.225424029032391
2024-10-21,10.4078125,10.193457,0.21435585021972692
2024-10-22,10.423541666666669,10.196974,0.22656786600748902
2024-10-23,10.452291666666666,10.195521,0.2567703119913727
2024-10-24,10.428958333333334,10.235017,0.1939415105183926
2024-10-25,10.4534375,10.23689,0.21654766082763643
2024-10-26,10.462708333333333,10.258146,0.2045620473225913
2024-10-27,10.48375,10.261337,0.22241271972656307
2024-10-28,10.483229166666666,10.27048,0.2127490107218417
2024-10-29,10.495937500000002,10.231274,0.26466384887695504
2024-10-30,10.50791666666667,10.250152,0.25776503245036153
2024-10-31,10.52,10.252447,0.26755287170410114
2024-11-01,10.5128125,10.254002,0.25881088256836016
2024-11-02,10.49375,10.244825,0.24892463684082067
2024-11-03,10.517916666666666,10.283184,0.23473261515299448
2024-11-04,10.5428125,10.25614,0.2866727447509767
2024-11-05,10.545104166666668,10.259429,0.2856751887003597
2024-11-06,10.548020833333334,10.228539,0.3194813664754239
2024-11-07,10.5396875,10.252821,0.28686653137206974
2024-11-08,10.548020833333334,10.244068,0.30395268758138094
2024-11-09,10.548229166666667,10.276879,0.27134985605875706
2024-11-10,10.553333333333333,10.267048,0.28628545125325466
2024-11-11,10.477604166666667,10.272882,0.20472170511881593
2024-11-12,10.491145833333333,10.193907,0.2972390492757153
2024-11-13,10.502916666666666,10.196015,0.3069013086954744
2024-11-14,10.500833333333334,10.196733,0.30409985860188904
2024-11-15,10.483645833333334,10.204639,0.27900639851888087
2024-11-16,10.505625,10.170107,0.3355181121826174
2024-11-17,10.517291666666669,10.146631,0.37066042582194214
2024-11-18,10.518333333333333,10.177168,0.34116544087727796
2024-11-19,10.5296875,10.189495,0.34019241333007777
2024-11-20,10.525625,10.240698,0.28492713928222635
2024-11-21,10.520416666666666,10.2232485,0.2971681849161776
2024-11-22,10.531875,10.187645,0.3442300415039057
2024-11-23,10.5453125,10.210639,0.3346735000610348
2024-11-24,10.555520833333334,10.130585,0.42493611653645935
2024-11-25,10.555999999999997,10.136542,0.41945767974853254
2024-11-26,10.5609375,10.176775,0.38416252136230433
2024-11-27,10.571875,10.180896,0.39097919464111364
2024-11-28,10.5621875,10.236423,0.32576496124267607
2024-11-29,10.567291666666668,10.228136,0.3391556040445973
2024-11-30,10.56625,10.270667,0.2955829238891603
2024-12-01,10.5834375,10.261841,0.3215966796875005
2024-12-02,10.585520833333335,10.294566,0.290954678853355
2024-12-03,10.594270833333333,10.27522,0.3190509160359696
2024-12-04,10.595729166666668,10.299389,0.29634028116862154
2024-12-05,10.604895833333332,10.307987,0.29690862019856645
2024-12-06,10.619583333333331,10.336106,0.28347703297932725
2024-12-07,10.618229166666666,10.408628,0.20960070292154853
2024-12-08,10.618958333333332,10.440547,0.17841134389241375
2024-12-09,10.627916666666668,10.455391,0.17252573649088632
2024-12-10,10.630416666666669,10.433413,0.19700411478678603
2024-12-11,10.549479166666666,10.4953575,0.0541216532389317
2024-12-12,10.457083333333332,10.33141,0.12567292531331198
2024-12-13,10.428541666666666,10.213964,0.2145772043863925
2024-12-14,10.422708333333334,10.25815,0.16455823262532654
2024-12-15,10.4140625,10.201893,0.21216964721679688
2024-12-16,10.399791666666667,10.176545,0.2232465235392258
2024-12-17,10.3971875,10.017677,0.3795101928710931
2024-12-18,10.39625,9.989405,0.40684532165527365
2024-12-19,10.4078125,10.002322,0.40549030303955114
2024-12-20,10.401041666666666,10.016682,0.38435999552408795
2024-12-21,10.4190625,9.9574585,0.4616040039062508
2024-12-22,10.426666666666668,9.893798,0.532868792215984
2024-12-23,10.431458333333332,9.818512,0.6129463704427067
2024-12-24,10.429583333333332,9.86122,0.5683629735310856
2024-12-25,10.438645833333332,9.8338175,0.6048283513387034
2024-12-26,10.44625,9.887525,0.5587253952026359
2024-12-27,10.449791666666666,9.925845,0.5239465204874669
2024-12-28,10.454270833333334,10.008399,0.4458718236287442
2024-12-29,10.4521875,10.005993,0.446194610595704
2024-12-30,10.460729166666669,10.038607,0.4221225229899108
2024-12-31,10.4646875,10.0678625,0.3968249893188478
2025-01-01,10.481979166666669,10.103868,0.37811163584391494
2025-01-02,10.496874999999998,10.152908,0.343966674804685
2025-01-03,10.4971875,10.213886,0.28330123901367266
2025-01-04,10.5125,10.242569,0.2699310302734368
2025-01-05,10.52,10.276984,0.24301578521728473
2025-01-06,10.481145833333333,10.316516,0.164629910786946
2025-01-07,10.475312500000001,10.298431,0.17688110351562614
2025-01-08,10.473541666666668,10.257226,0.21631567637125748
2025-01-09,10.473750000000003,10.299142,0.1746081161499049
2025-01-10,10.478020833333334,10.269177,0.2088433965047205
2025-01-11,10.4790625,10.318679,0.1603836441040034
2025-01-12,10.4915625,10.309334,0.18222869873046932
2025-01-13,10.482395833333332,10.271489,0.21090668996174955
2025-01-14,10.483333333333334,10.239431,0.24390195210774834
2025-01-15,10.4928125,10.210027,0.2827857589721674
2025-01-16,10.4846875,10.257559,0.22712867736816378
2025-01-17,10.495833333333334,10.205669,0.2901639302571617
2025-01-18,10.4709375,10.200792,0.2701451873779295
2025-01-19,10.462604166666669,10.159518,0.3030859247843445
2025-01-20,10.474062500000002,10.168805,0.305257377624514
2025-01-21,10.4725,10.138406,0.3340942001342775
2025-01-22,10.475104166666666,10.142633,0.33247072855631465
2025-01-23,10.4696875,10.093699,0.3759880447387687
2025-01-24,10.473229166666668,10.03454,0.43868899027506636
2025-01-25,10.472916666666668,9.93443,0.5384865442911799
2025-01-26,10.4603125,9.929952,0.530360832214356
2025-01-27,10.446770833333334,9.925492,0.5212785466512049
2025-01-28,10.439895833333331,9.870412,0.5694839604695616
2025-01-29,10.4475,9.893898,0.5536019897460935
2025-01-30,10.4625,9.920144,0.5423559188842777
2025-01-31,10.430208333333333,9.869812,0.5603963216145829
2025-02-01,10.385,9.943122,0.44187808990478494
2025-02-02,10.349270833333334,9.859393,0.4898777135213219
2025-02-03,10.316145833333334,9.816411,0.49973481496175154
2025-02-04,10.302604166666669,9.766649,0.5359549204508482
2025-02-05,10.285104166666663,9.773754,0.5113500467936163
2025-02-06,10.229583333333334,9.715723,0.5138602956136076
2025-02-07,10.218020833333334,9.688251,0.5297702916463223
2025-02-08,10.181354166666669,9.613664,0.5676904932657898
2025-02-09,10.155833333333334,9.597742,0.5580912526448571
2025-02-10,10.133541666666666,9.541012,0.5925298563639316
2025-02-11,10.090833333333334,9.590949,0.49988427480061937
2025-02-12,10.003645833333334,9.509319,0.4943265279134117
2025-02-13,9.806458333333332,9.475801,0.3306568654378239
2025-02-14,9.588229166666666,9.466065,0.12216375986734995
2025-02-15,9.425520833333334,9.452001,-0.02647978464762346
2025-02-16,9.262291666666666,9.353637,-0.09134507497151745
2025-02-17,9.195625,9.178741,0.016883544921874716
2025-02-18,9.120208333333332,9.101047,0.019161771138508144
2025-02-19,9.064375,9.055236,0.009139137268066477
2025-02-20,9.025625,8.946215,0.07941032409667947
2025-02-21,9.019270833333332,8.963784,0.05548661549885914
2025-02-22,9.000937500000001,8.932678,0.06825927734375092
2025-02-23,8.988125,8.991987,-0.0038622283935545454
2025-02-24,8.983541666666667,8.940878,0.04266375223795649
2025-02-25,8.976354166666667,8.906184,0.07016997019449889
2025-02-26,8.994270833333333,8.90719,0.08708051045735665
2025-02-27,8.983541666666667,8.911021,0.07252043406168696
2025-02-28,9.000520833333333,8.857326,0.1431952794392899
2025-03-01,9.0003125,8.91457,0.08574264526367159
2025-03-02,9.038541666666664,8.83318,0.20536123911539406
2025-03-03,9.046458333333334,8.856465,0.18999299367268918
2025-03-04,9.046979166666667,8.902961,0.14401838938395173
2025-03-05,8.994479166666666,8.780857,0.21362208048502573
2025-03-06,8.858229166666666,8.743711,0.11451769510904874
2025-03-07,8.840625,8.736798,0.10382671356201101
2025-03-08,8.839270833333332,8.675344,0.16392636617024614
2025-03-09,8.84945652173913,8.723848,0.1256081788436223
2025-03-10,8.842708333333333,8.717195,0.1255137761433911
2025-03-11,8.84125,8.73619,0.1050601577758794
2025-03-12,8.851249999999999,8.758939,0.09231121063232273
2025-03-13,8.858645833333332,8.721076,0.13756982167561738
2025-03-14,8.869583333333333,8.772589,0.0969946034749345
2025-03-15,8.870624999999999,8.7601795,0.11044548034667834
2025-03-16,8.866770833333332,8.818062,0.048709004720050686
2025-03-17,8.515625,8.67656,-0.1609354019165039
2025-03-18,8.368333333333334,8.444614,-0.07628107706705656
2025-03-19,8.367395833333333,8.38537,-0.01797442118326842
2025-03-20,8.357604166666667,8.30496,0.05264391581217431
2025-03-21,8.394270833333334,8.222021,0.17224973042806013
2025-03-22,8.411979166666667,8.191343,0.2206358591715496
2025-03-23,8.4546875,8.167808,0.286879920959473
2025-03-24,8.448437499999999,8.222315,0.22612266540527237
2025-03-25,8.4825,8.221278,0.26122180938720696
2025-03-26,8.5103125,8.311941,0.19837135314941357
2025-03-27,8.5453125,8.406686,0.138626670837402
2025-03-28,8.554583333333333,8.37013,0.18445374806722015
2025-03-29,8.574166666666667,8.446814,0.12735308329264328
2025-03-30,8.596458333333333,8.471257,0.12520112355550062
2025-03-31,8.5990625,8.444527,0.15453582763671925
2025-04-01,8.625937500000001,8.458649,0.16728881835937592
2025-04-02,8.6634375,8.449618,0.21381916046142635
2025-04-03,8.663229166666666,8.47342,0.18980902353922424
2025-04-04,8.693020833333334,8.472817,0.22020341237386098
2025-04-05,8.6940625,8.52283,0.17123249053955014
2025-04-06,8.700833333333334,8.572339,0.12849427541097036
2025-04-07,8.690729166666666,8.567891,0.12283804575602097
2025-04-08,8.591770833333333,8.307245,0.2845255788167318
2025-04-09,8.565416666666668,8.316497,0.24891981760660897
2025-04-10,8.550104166666667,8.2593155,0.29078867594401103
2025-04-11,8.496458333333333,8.28798,0.2084782536824541
2025-04-12,8.1871875,8.1642685,0.022919006347656534
2025-04-13,8.091041666666667,8.242685,-0.1516436513264967
2025-04-14,8.086041666666667,8.139743,-0.05370118459065765
2025-04-15,8.090104166666666,8.128073,-0.03796857198079451
2025-04-16,8.127291666666666,8.032658,0.09463404337565073
2025-04-17,8.176666666666668,8.099505,0.07716124216715592
2025-04-18,8.203958333333334,8.1167755,0.08718282063802185
2025-04-19,8.232708333333333,8.101234,0.13147389729817682
2025-04-20,8.278854166666667,8.16861,0.11024454752604207
2025-04-21,8.3,8.118739,0.18126087188720774
2025-04-22,8.323020833333333,8.190165,0.13285626729329358
2025-04-23,8.37375,8.223039,0.15071132659912045
2025-04-24,8.410416666666666,8.273163,0.13725382486979143
2025-04-25,8.434270833333333,8.298717,0.13555428822835225
2025-04-26,8.450520833333334,8.351252,0.09926923116048236
2025-04-27,8.502083333333333,8.285498,0.21658566792805978
2025-04-28,8.543541666666668,8.345673,0.19786905924479292
2025-04-29,8.560520833333333,8.385863,0.17465752919514976
2025-04-30,8.5865625,8.460607,0.1259559249877924
2025-05-01,8.615416666666667,8.448972,0.16644491831461572
2025-05-02,8.64,8.473266,0.16673435211181697
2025-05-03,8.668333333333333,8.508187,0.16014603932698535
2025-05-04,8.684583333333332,8.567073,0.11751046498616446
2025-05-05,8.708229166666667,8.534288,0.17394076029459704
2025-05-06,8.728333333333333,8.578888,0.1494453938802085
2025-05-07,8.752916666666666,8.551867,0.20105013529459548
2025-05-08,8.772291666666666,8.585703,0.18658877054850187
2025-05-09,8.785104166666667,8.668157,0.11694754282633468
2025-05-10,8.8153125,8.729131,0.08618175506591719
2025-05-11,8.840833333333334,8.733878,0.10695519765218187
2025-05-12,8.857291666666667,8.761203,0.09608885447184257
2025-05-13,8.858854166666665,8.883929,-0.025075085957846355
2025-05-14,8.866354166666666,8.714462,0.15189188639322815
2025-05-15,8.89,8.786257,0.10374320983886776
2025-05-16,8.907500000000002,8.809274,0.09822628021240476
2025-05-17,8.919270833333334,8.87582,0.04345067342122455
2025-05-18,8.951041666666667,8.972773,-0.021730931599934777
2025-05-19,8.974791666666667,8.989043,-0.014251569112142093
2025-05-20,8.995833333333334,9.040573,-0.04473978678385393
2025-05-21,8.98,9.09604,-0.11603977203369098
2025-05-22,8.986145833333333,9.06428,-0.07813372294108056
2025-05-23,9.00625,9.064564,-0.05831375122070348
2025-05-24,9.033229166666668,8.994394,0.03883486429850436
2025-05-25,9.055000000000001,9.031098,0.023901634216310086
2025-05-26,9.068125,9.118982,-0.05085731506347635
2025-05-27,9.0809375,9.142918,-0.06198013305664141
2025-05-28,9.043125,9.14563,-0.10250488281250014
2025-05-29,8.987708333333334,9.055617,-0.06790899912516224
2025-05-30,8.957291666666666,9.040727,-0.08343499501546248
2025-05-31,8.954791666666667,9.025358,-0.07056653340657526
2025-06-01,8.949479166666666,9.038536,-0.08905690511067732
2025-06-02,8.943541666666668,9.076422,-0.13288007100423016
2025-06-03,8.942083333333333,9.168981,-0.2268972651163743
2025-06-04,8.941041666666665,9.180962,-0.23991994222005353
2025-06-05,8.938020833333333,9.172985,-0.23496424357096402
2025-06-06,8.8959375,9.214438,-0.31850093841552685
2025-06-07,8.82375,9.247789,-0.4240393829345699
2025-06-08,8.788333333333332,9.196095,-0.4077621332804373
2025-06-09,8.768125,9.209308,-0.4411826705932622
2025-06-10,8.7559375,9.235684,-0.47974689483642585
2025-06-11,8.7678125,9.276884,-0.5090715789794924
2025-06-12,8.775520833333333,9.228978,-0.4534573237101238
2025-06-13,8.788958333333333,9.266897,-0.4779388682047525
2025-06-14,8.804687499999998,9.212628,-0.40794086456299006
2025-06-15,8.823333333333332,9.264865,-0.44153158823649186
2025-06-16,8.8359375,9.187371,-0.35143375396728516
2025-06-17,8.854999999999999,9.242517,-0.3875174713134779
2025-06-18,8.880416666666665,9.144763,-0.2643463261922214
2025-06-19,8.915520833333332,9.170636,-0.2551153437296563
2025-06-20,8.961875000000001,9.146085,-0.18420978546142486
2025-06-21,8.998958333333333,9.228734,-0.22977568308512453
2025-06-22,9.027083333333332,9.235634,-0.20855051676432446
2025-06-23,9.053541666666666,9.239137,-0.18559502919515047
2025-06-24,9.0815625,9.197171,-0.11560871124267535
2025-06-25,9.102083333333333,9.18093,-0.07884680430094448
2025-06-26,9.121979166666668,9.163624,-0.04164464314778549
2025-06-27,9.131666666666668,9.220745,-0.08907842000325417
2025-06-28,9.130416666666669,9.2838745,-0.15345784505208115
2025-06-29,9.149895833333334,9.303537,-0.15364153544108028
2025-06-30,9.172291666666666,9.263291,-0.09099969228108762
2025-07-01,9.194479166666667,9.259275,-0.06479626973469976
2025-07-02,9.200208333333334,9.256562,-0.0563538996378572
2025-07-03,9.1959375,9.282735,-0.0867973709106451
2025-07-04,9.2265625,9.356503,-0.12994003295898438
2025-07-05,9.248125,9.29543,-0.0473051834106446
2025-07-06,9.260833333333332,9.366325,-0.10549204508463639
2025-07-07,9.271458333333332,9.359695,-0.08823710123698092
2025-07-08,9.288125,9.375014,-0.08688930511474524
2025-07-09,9.290520833333336,9.425886,-0.13536532084146913
2025-07-10,9.264479166666666,9.325673,-0.0611939366658536
2025-07-11,9.271458333333332,9.375279,-0.10382109324137545
2025-07-12,9.289583333333333,9.312474,-0.02289091746012417
2025-07-13,9.30875,9.33069,-0.021940383911132955
2025-07-14,9.327604166666667,9.364131,-0.03652680714925083
2025-07-15,9.318333333333332,9.334784,-0.016450220743816857
2025-07-16,9.319166666666666,9.312488,0.006679064432779214
2025-07-17,9.33791666666667,9.341638,-0.0037209447224899606
2025-07-18,9.361145833333332,9.348248,0.012898305257159848
2025-07-19,9.370833333333334,9.284866,0.08596700032552107
2025-07-20,9.3728125,9.222459,0.1503536605834963
2025-07-21,9.393854166666667,9.228603,0.1652508036295579
2025-07-22,9.410833333333334,9.166064,0.24476907094319778
2025-07-23,9.430833333333334,9.258503,0.17233037312825594
2025-07-24,9.446145833333333,9.270046,0.1760995992024732
2025-07-25,9.460729166666669,9.307357,0.15337233225504754
2025-07-26,9.476354166666669,9.2567425,0.21961168924967645
2025-07-27,9.473645833333334,9.347918,0.1257282765706389
2025-07-28,9.485625,9.301266,0.18435928344726626
2025-07-29,9.5071875,9.3968,0.1103874588012701
2025-07-30,9.526666666666666,9.385103,0.1415634409586577
2025-07-31,9.534791666666669,9.493569,0.04122229258219612
2025-08-01,9.495104166666666,9.495922,-0.0008179219563810847
2025-08-02,9.5090625,9.520229,-0.011166839599608736
2025-08-03,9.5275,9.518963,0.008537139892577983
2025-08-04,9.5475,9.516577,0.030923233032225994
2025-08-05,9.563333333333334,9.542446,0.020887196858724977
2025-08-06,9.566145833333334,9.586752,-0.020606104532877367
2025-08-07,9.575,9.614304,-0.03930358886718821
2025-08-08,9.589479166666667,9.604191,-0.014711659749348627
2025-08-09,9.606979166666669,9.586309,0.020669733683270408
2025-08-10,9.620729166666669,9.684766,-0.0640366490681945
2025-08-11,9.632395833333334,9.679016,-0.04662027994791629
2025-08-12,9.637395833333334,9.743824,-0.10642817179361863
2025-08-13,9.6434375,9.740884,-0.09744632720947344
2025-08-14,9.648020833333334,9.771482,-0.12346163431803348
2025-08-15,9.667708333333332,9.799646,-0.13193804423014477
2025-08-16,9.6796875,9.837016,-0.15732860565185547
2025-08-17,9.69354166666667,9.856011,-0.1624697240193651
2025-08-18,9.7075,9.837646,-0.13014553070068402
2025-08-19,9.61375,9.843504,-0.2297539520263676
2025-08-20,9.5115625,9.766903,-0.25534042358398423
2025-08-21,9.504270833333331,9.696611,-0.1923405710856141
2025-08-22,9.5225,9.565643,-0.04314331054687415
2025-08-23,9.534687500000002,9.644771,-0.11008312225341577
2025-08-24,9.541770833333333,9.558311,-0.016540629069011104
2025-08-25,9.559791666666667,9.583739,-0.02394761403401624
2025-08-26,9.589895833333332,9.575883,0.014012921651202603
2025-08-27,9.618333333333334,9.631975,-0.013641840616861245
2025-08-28,9.641145833333336,9.674993,-0.03384672800699562
2025-08-29,9.6628125,9.631855,0.030957489013671236
2025-08-30,9.689166666666669,9.64187,0.04729712168375855
2025-08-31,9.705416666666666,9.605941,0.09947584788004527
2025-09-01,9.718645833333332,9.6327715,0.08587434132893712
2025-09-02,9.72625,9.645816,0.08043415069580107
2025-09-03,9.734166666666669,9.684993,0.049173876444500664
2025-09-04,9.746979166666668,9.677233,0.06974642435709733
2025-09-05,9.770416666666666,9.734993,0.03542368570963461
2025-09-06,9.786041666666666,9.752905,0.033136774698892424
2025-09-07,9.794479166666669,9.787578,0.006901537577313377
2025-09-08,9.802395833333334,9.759854,0.04254151662190786
2025-09-09,9.8103125,9.769574,0.04073833465576193
2025-09-10,9.802604166666669,9.751521,0.05108305613200059
2025-09-11,9.810625,9.764388,0.046236915588378835
2025-09-12,9.828645833333333,9.745434,0.08321202596028598
2025-09-13,9.843854166666668,9.752227,0.09162733713785975
2025-09-14,9.85645833333333,9.820734,0.035724309285479094
2025-09-15,9.866666666666664,9.832212,0.0344542185465464
2025-09-16,9.793958333333334,9.8643675,-0.07040915171305251
2025-09-17,9.620104166666666,9.630484,-0.010379460652670147
2025-09-18,9.579895833333332,9.473202,0.10669408162434735
2025-09-19,9.580520833333331,9.5713625,0.009158337910967873
2025-09-20,9.587708333333332,9.620157,-0.03244890848795734
2025-09-21,9.588854166666666,9.556152,0.03270182291666579
2025-09-22,9.594375,9.51036,0.08401523590087834
2025-09-23,9.605208333333332,9.550762,0.05444615681965992
2025-09-24,9.616041666666666,9.530972,0.08507013956705656
2025-09-25,9.621979166666666,9.536498,0.08548109690348227
2025-09-26,9.628958333333332,9.486709,0.14224969228108542
2025-09-27,9.628854166666668,9.47822,0.15063418070475443
2025-09-28,9.590625,9.418811,0.17181415557861257
2025-09-29,9.565625,9.433388,0.13223724365234446
2025-09-30,9.546458333333334,9.409687,0.1367712910970056
2025-10-01,9.551875,9.425218,0.12665737152099688
2025-10-02,9.559583333333334,9.355437,0.20414605458577562
2025-10-03,9.5525,9.382199,0.17030071258544943
2025-10-04,9.553229166666666,9.394975,0.1582544581095373
2025-10-05,9.559791666666667,9.411111,0.1486807886759447
2025-10-06,9.563645833333334,9.409702,0.15394353230794344
2025-10-07,9.566979166666668,9.454377,0.11260199228922652
2025-10-08,9.565,9.501435,0.0635647201538081
2025-10-09,9.583229166666667,9.476205,0.1070242945353197
2025-10-10,9.589895833333332,9.464701,0.12519513448079245
2025-10-11,9.584583333333331,9.450472,0.1341114552815732
2025-10-12,9.555520833333334,9.504493,0.05102807362874451
2025-10-13,9.528541666666667,9.481212,0.047330004374186885
2025-10-14,9.516354166666666,9.53823,-0.02187577565511134
2025-10-15,9.503125,9.541337,-0.038212013244628196
2025-10-16,9.500625,9.47906,0.021564826965331463
2025-10-17,9.500416666666666,9.539521,-0.03910455067952512
2025-10-18,9.499791666666669,9.575558,-0.07576604207356574
2025-10-19,9.4925,9.581392,-0.0888922882080081
2025-10-20,9.504270833333331,9.585218,-0.08094759623209846
2025-10-21,9.501666666666669,9.5734005,-0.07173383076985473
2025-10-22,9.509895833333331,9.568252,-0.058355776468914655
2025-10-23,9.524791666666667,9.606505,-0.08171372731526638
2025-10-24,9.5390625,9.589615,-0.0505523681640625
2025-10-25,9.550729166666668,9.59487,-0.04414044698079245
2025-10-26,9.555416666666668,9.601641,-0.04622403462727753
2025-10-27,9.561875,9.590561,-0.02868591308593693
2025-10-28,9.5665625,9.582344,-0.015781555175781392
2025-10-29,9.570729166666668,9.599725,-0.028995602925617092
2025-10-30,9.5328125,9.593732,-0.060919380187987926
2025-10-31,9.554583333333332,9.57593,-0.02134630839030116
2025-11-01,9.576666666666666,9.541872,0.034794642130533404
2025-11-02,9.58875,9.547542,0.04120838165283125
2025-11-03,9.571458333333334,9.562868,0.008590215047201255
2025-11-04,9.591979166666668,9.503588,0.08839144388834796
2025-11-05,9.583541666666669,9.506848,0.07669333140055556
2025-11-06,9.608125,9.458441,0.14968421936035092
2025-11-07,9.600833333333332,9.502682,0.09815160115559785
2025-11-08,9.6090625,9.475595,0.13346702575683622
2025-11-09,9.61125,9.526363,0.0848866271972657
2025-11-10,9.6209375,9.521213,0.09972492218017592
2025-11-11,9.640625,9.539731,0.10089397430419922
2025-11-12,9.6415625,9.555349,0.08621315002441321
2025-11-13,9.659270833333332,9.597357,0.061914037068683925
2025-11-14,9.664583333333333,9.576552,0.08803094228108677
2025-11-15,9.6546875,9.582788,0.07189903259277308
2025-11-16,9.6659375,9.606128,0.05980976104736335
2025-11-17,9.6975,9.649548,0.04795242309570291
2025-11-18,9.70875,9.660361,0.04838871002197287
2025-11-19,9.703854166666666,9.712731,-0.008877194722494153
2025-11-20,9.715104166666666,9.699821,0.01528269449869768
2025-11-21,9.718020833333334,9.71883,-0.0008092753092441285
2025-11-22,9.708541666666669,9.682827,0.02571467081705947
2025-11-23,9.721354166666668,9.69361,0.027743975321453007
2025-11-24,9.7359375,9.698455,0.03748264312744176
2025-11-25,9.738020833333334,9.712969,0.025052007039388258
2025-11-26,9.713854166666666,9.757419,-0.04356446584065843
2025-11-27,9.718125,9.718248,-0.00012336730956974407
2025-11-28,9.7253125,9.717787,0.007525711059569673
2025-11-29,9.734166666666669,9.70797,0.026197001139324883
2025-11-30,9.715520833333334,9.726353,-0.010831858317056131
2025-12-01,9.715833333333334,9.680949,0.03488412221272874
2025-12-02,9.669270833333334,9.711462,-0.04219118754068951
2025-12-03,9.625416666666666,9.637936,-0.012518971761068087
2025-12-04,9.586666666666666,9.681307,-0.09464017232259181
2025-12-05,9.554479166666669,9.667748,-0.11326928456624152
2025-12-06,9.534270833333332,9.705767,-0.17149584452311295
2025-12-07,9.520625,9.63959,-0.11896526336669844
2025-12-08,9.507395833333334,9.662901,-0.15550509134928348
2025-12-09,9.492083333333332,9.652262,-0.1601784006754574
2025-12-10,9.465729166666668,9.682673,-0.21694428761800033
2025-12-11,9.477708333333334,9.662474,-0.18476534525553312
2025-12-12,9.4803125,9.666272,-0.18595966339111314
2025-12-13,9.471979166666667,9.657836,-0.1858567937215163
2025-12-14,9.473229166666668,9.676285,-0.20305562337239458
2025-12-15,9.483541666666667,9.635238,-0.15169602711995367
2025-12-16,9.480104166666669,9.658644,-0.1785395558675109
2025-12-17,9.481145833333334,9.650229,-0.16908362070719285
2025-12-18,9.488229166666668,9.639371,-0.1511417516072573
2025-12-19,9.447395833333331,9.612565,-0.16516920725504747
2025-12-20,9.445,9.589292,-0.1442915725708005
2025-12-21,9.430729166666667,9.636736,-0.20600674947102782
2025-12-22,9.428333333333333,9.6294985,-0.2011651484171555
2025-12-23,9.404895833333333,9.594913,-0.19001669565836643
2025-12-24,9.408125,9.5881815,-0.18005649566650384
2025-12-25,9.396041666666669,9.595081,-0.19903966267903428
2025-12-26,9.390729166666668,9.579569,-0.18883969624837071
2025-12-27,9.392291666666669,9.591795,-0.19950330098469848
2025-12-28,9.386041666666667,9.597678,-0.21163651784261006
2025-12-29,9.374375,9.6124935,-0.23811851501464787
2025-12-30,9.393854166666667,9.597365,-0.2035112126668288
2025-12-31,9.39318181818182,9.586227,-0.1930455988103681
