Date,Actual_GWL_ft,Predicted_GWL_ft,Residual_ft
2022-05-26,8.616666666666665,8.682664,-0.06599725087483854
2022-05-27,8.5975,8.663446,-0.06594642639160142
2022-05-28,8.604375,8.596209,0.008166427612303906
2022-05-29,8.623958333333333,8.592681,0.03127740224202391
2022-05-30,8.634166666666667,8.6076565,0.026510187784831274
2022-05-31,8.643020833333333,8.634439,0.008581364949543868
2022-06-01,8.6540625,8.660782,-0.006719360351562287
2022-06-02,8.664583333333333,8.694695,-0.030112139383952297
2022-06-03,8.684479166666666,8.715176,-0.030696461995443514
2022-06-04,8.713854166666668,8.735434,-0.02157941182454337
2022-06-05,8.742187499999998,8.743152,-0.0009641647338884951
2022-06-06,8.7734375,8.7598915,0.013545989990234375
2022-06-07,8.793958333333334,8.784843,0.00911488850911546
2022-06-08,8.8159375,8.810778,0.005159835815430114
2022-06-09,8.8396875,8.826053,0.013634834289550923
2022-06-10,8.881354166666664,8.862526,0.01882822672525819
2022-06-11,8.907812500000002,8.902074,0.0057386398315451
2022-06-12,8.910520833333333,8.938968,-0.028446871439616217
2022-06-13,8.925520833333334,8.9120655,0.013455327351888258
2022-06-14,8.946666666666667,8.925508,0.021159121195475805
2022-06-15,8.979166666666666,8.922674,0.05649248758951764
2022-06-16,8.995416666666667,8.961366,0.034050966898600876
2022-06-17,9.002291666666666,8.981825,0.02046679178873667
2022-06-18,9.032604166666667,9.018048,0.01455588022867893
2022-06-19,9.063125,9.054549,0.008575782775878338
2022-06-20,9.0875,9.073952,0.013548278808594105
2022-06-21,9.102083333333333,9.080546,0.02153695424397739
2022-06-22,9.10583333333333,9.096377,0.00945596059163023
2022-06-23,9.106875,9.114996,-0.00812095642089794
2022-06-24,9.1275,9.138758,-0.01125770568847706
2022-06-25,9.148020833333334,9.153175,-0.005154520670572538
2022-06-26,9.165625,9.16973,-0.0041051864624019885
2022-06-27,9.170833333333333,9.1977005,-0.026867167154948746
2022-06-28,9.171354166666667,9.161671,0.009683481852214015
2022-06-29,9.193854166666668,9.184278,0.009576632181804712
2022-06-30,9.209895833333333,9.201082,0.008813603719074692
2022-07-01,9.2234375,9.214973,0.00846405029296804
2022-07-02,9.241770833333334,9.242247,-0.0004757944742834752
2022-07-03,9.2596875,9.2695465,-0.009859008789062429
2022-07-04,9.278958333333334,9.264768,0.01419068654378286
2022-07-05,9.286145833333332,9.282857,0.003288892110187902
2022-07-06,9.298958333333331,9.308716,-0.009757486979168561
2022-07-07,9.282395833333332,9.318617,-0.036221033732097396
2022-07-08,9.300104166666667,9.325501,-0.025397275288899124
2022-07-09,9.301979166666667,9.335947,-0.03396787007649671
2022-07-10,9.3065625,9.315361,-0.008798522949218679
2022-07-11,9.321354166666667,9.318815,0.002538935343425308
2022-07-12,9.339479166666669,9.335724,0.0037552897135437746
2022-07-13,9.359583333333331,9.35873,0.0008530171712219925
2022-07-14,9.381354166666666,9.360931,0.020422770182291217
2022-07-15,9.392604166666668,9.384844,0.007760340372723107
2022-07-16,9.397395833333334,9.386106,0.0112902959187835
2022-07-17,9.4090625,9.399711,0.009351844787596875
2022-07-18,9.426458333333333,9.418368,0.008089993794758499
2022-07-19,9.449479166666666,9.446952,0.002527300516764086
2022-07-20,9.468958333333337,9.471694,-0.002735659281409397
2022-07-21,9.478958333333331,9.492765,-0.013807093302411033
2022-07-22,9.4690625,9.494546,-0.02548343658447294
2022-07-23,9.491979166666669,9.509776,-0.017796948750811836
2022-07-24,9.5103125,9.514662,-0.004349288940430185
2022-07-25,9.527291666666667,9.510397,0.016894709269205777
2022-07-26,9.5159375,9.483395,0.03254287719726534
2022-07-27,9.519583333333332,9.411999,0.10758458455403463
2022-07-28,9.537916666666666,9.442429,0.09548807779947843
2022-07-29,9.546875,9.49044,0.05643463134765625
2022-07-30,9.5703125,9.487049,0.08326339721679688
2022-07-31,9.5890625,9.521996,0.06706695556640696
2022-08-01,9.600416666666666,9.53305,0.06736708323160734
2022-08-02,9.624375,9.53653,0.08784545898437557
2022-08-03,9.651041666666666,9.570831,0.08021036783854107
2022-08-04,9.6728125,9.604818,0.06799415588378821
2022-08-05,9.691666666666666,9.625708,0.06595904032389299
2022-08-06,9.705729166666666,9.655627,0.050101915995279356
2022-08-07,9.721666666666668,9.700635,0.021031710306804285
2022-08-08,9.742916666666668,9.7311945,0.011722170511882624
2022-08-09,9.769895833333331,9.758673,0.011223119099932788
2022-08-10,9.778645833333334,9.779309,-0.0006634394327793558
2022-08-11,9.720208333333334,9.746379,-0.026170565287271685
2022-08-12,9.741666666666667,9.730395,0.011271349589030422
2022-08-13,9.7634375,9.739212,0.024225463867187713
2022-08-14,9.785208333333332,9.759851,0.025356877644854947
2022-08-15,9.803541666666666,9.785909,0.0176329676310214
2022-08-16,9.823333333333332,9.811107,0.012226651509601894
2022-08-17,9.843958333333331,9.834166,0.00979276021321418
2022-08-18,9.867916666666666,9.85272,0.015196406046548816
2022-08-19,9.891458333333334,9.8721485,0.01930981953938904
2022-08-20,9.910416666666666,9.8925085,0.017908159891764086
2022-08-21,9.923333333333334,9.91889,0.004443333943685346
2022-08-22,9.9365625,9.944042,-0.007479705810546022
2022-08-23,9.963958333333332,9.932769,0.03118951161702377
2022-08-24,9.989895833333334,9.959534,0.03036214192708364
2022-08-25,10.009895833333331,9.990285,0.019610913594561907
2022-08-26,10.029583333333331,10.031211,-0.0016275660196960473
2022-08-27,10.052604166666669,10.056411,-0.0038066228230775323
2022-08-28,10.071145833333334,10.072379,-0.001233278910317992
2022-08-29,10.0875,10.086535,0.0009645462036136365
2022-08-30,10.0925,10.100623,-0.008123130798340483
2022-08-31,10.018958333333332,10.127008,-0.10805010477701948
2022-09-01,10.046979166666668,10.147513,-0.100534222920734
2022-09-02,10.075625,10.124352,-0.04872745513915966
2022-09-03,10.09104166666667,10.103412,-0.012370007832842589
2022-09-04,10.1090625,10.104716,0.0043461990356448155
2022-09-05,10.1275,10.125113,0.002387466430663565
2022-09-06,10.137604166666668,10.151289,-0.01368481953938705
2022-09-07,10.142708333333331,10.138549,0.004159482320147845
2022-09-08,10.140000000000002,10.141387,-0.001386985778806249
2022-09-09,10.165729166666669,10.155806,0.009923578898114016
2022-09-10,10.185208333333334,10.165806,0.019402516682943016
2022-09-11,10.193645833333331,10.180419,0.013226865132647703
2022-09-12,10.1975,10.179676,0.017823944091796662
2022-09-13,10.216875,10.184552,0.03232280731201165
2022-09-14,10.243229166666667,10.198309,0.04492022196451906
2022-09-15,10.258958333333334,10.222301,0.0366578038533536
2022-09-16,10.276354166666666,10.246481,0.029873224894204853
2022-09-17,10.2959375,10.269717,0.026220283508301634
2022-09-18,10.308854166666668,10.285711,0.02314287821451977
2022-09-19,10.3275,10.306799,0.02070106506347713
2022-09-20,10.3484375,10.326247,0.022190284729003196
2022-09-21,10.36625,10.344199,0.02205081939697351
2022-09-22,10.38,10.365036,0.014963989257813282
2022-09-23,10.405833333333334,10.358331,0.047502606709798556
2022-09-24,10.418333333333331,10.372241,0.04609231313069451
2022-09-25,10.427916666666668,10.386959,0.0409575907389339
2022-09-26,10.4465625,10.404392,0.042170257568360014
2022-09-27,10.468645833333332,10.419538,0.04910828908284337
2022-09-28,10.487291666666666,10.430634,0.05665812174479079
2022-09-29,10.492291666666668,10.444072,0.04821989695231288
2022-09-30,10.468854166666668,10.465175,0.0036794916788753795
2022-10-01,10.3384375,10.405993,-0.06755596160888722
2022-10-02,10.334583333333333,10.327652,0.006931355794270289
2022-10-03,10.316458333333333,10.216699,0.09975968678792313
2022-10-04,10.308020833333334,10.064817,0.24320340474446667
2022-10-05,10.3184375,10.020537,0.29790012359619134
2022-10-06,10.336354166666666,10.002181,0.3341731135050452
2022-10-07,10.358854166666664,10.056981,0.30187307993570656
2022-10-08,10.386041666666667,10.138814,0.24722769419352275
2022-10-09,10.401979166666669,10.221513,0.18046637217203987
2022-10-10,10.417395833333334,10.29034,0.12705540974934948
2022-10-11,10.432604166666666,10.346705,0.08589872996012282
2022-10-12,10.440104166666666,10.394599,0.04550520579020123
2022-10-13,10.436354166666666,10.43099,0.005363947550454995
2022-10-14,10.4496875,10.438178,0.01150943756103473
2022-10-15,10.462708333333333,10.447507,0.015201428731282718
2022-10-16,10.4734375,10.452277,0.021160316467284446
2022-10-17,10.403645833333334,10.452076,-0.0484301249186192
2022-10-18,10.398333333333332,10.357066,0.04126717885335118
2022-10-19,10.416145833333331,10.344632,0.07151368459065566
2022-10-20,10.4315625,10.3531475,0.07841499328613288
2022-10-21,10.447083333333332,10.370208,0.07687554677327313
2022-10-22,10.457604166666668,10.389276,0.06832861582438277
2022-10-23,10.436145833333333,10.408766,0.0273800404866531
2022-10-24,10.379791666666668,10.408463,-0.028670857747394862
2022-10-25,10.3728125,10.416681,-0.04386878967285135
2022-10-26,10.373229166666668,10.398938,-0.025709012349445004
2022-10-27,10.393229166666666,10.393922,-0.0006926854451503317
2022-10-28,10.404375,10.391107,0.013268394470214773
2022-10-29,10.412291666666668,10.393483,0.018808504740398746
2022-10-30,10.416666666666666,10.405574,0.011092821756998106
2022-10-31,10.424583333333333,10.423847,0.0007361348470045215
2022-11-01,10.4140625,10.438014,-0.02395153045654297
2022-11-02,10.423229166666667,10.358917,0.06431193033854221
2022-11-03,10.428645833333333,10.3516445,0.07700131734212157
2022-11-04,10.434895833333334,10.3685465,0.06634934743245502
2022-11-05,10.438333333333333,10.38753,0.05080300649007086
2022-11-06,10.446770833333334,10.40162,0.04515092213948613
2022-11-07,10.453541666666666,10.407183,0.046358973185220975
2022-11-08,10.465416666666668,10.411059,0.0543572870890312
2022-11-09,10.467916666666666,10.421087,0.04682940165201721
2022-11-10,10.464583333333334,10.433552,0.031031545003255445
2022-11-11,10.445520833333331,10.446938,-0.0014167277018248825
2022-11-12,10.446145833333333,10.428807,0.017338574727375544
2022-11-13,10.463854166666668,10.429018,0.034836146036784754
2022-11-14,10.4734375,10.431429,0.04200859069824148
2022-11-15,10.462916666666668,10.428411,0.03450613657633639
2022-11-16,10.424375,10.403255,0.021119537353515128
2022-11-17,10.435,10.411016,0.02398353576660206
2022-11-18,10.4440625,10.412852,0.031210212707518892
2022-11-19,10.448958333333332,10.412208,0.03675072987874195
2022-11-20,10.463645833333333,10.416148,0.04749764760335218
2022-11-21,10.467916666666666,10.426895,0.04102152506510315
2022-11-22,10.470104166666667,10.432359,0.037745424906413305
2022-11-23,10.476458333333332,10.445271,0.031187795003253527
2022-11-24,10.480833333333337,10.460247,0.02058629353841468
2022-11-25,10.4515625,10.468056,-0.016493225097656605
2022-11-26,10.446875,10.439952,0.0069231033325198865
2022-11-27,10.4153125,10.422554,-0.0072415161132806105
2022-11-28,10.4003125,10.36273,0.037582473754882884
2022-11-29,10.394166666666669,10.343174,0.05099268595377815
2022-11-30,10.366041666666666,10.328857,0.03718424479166593
2022-12-01,10.375416666666666,10.289216,0.08620062510172488
2022-12-02,10.365520833333331,10.277404,0.0881170018513977
2022-12-03,10.340208333333331,10.272748,0.06746033986409294
2022-12-04,10.330208333333331,10.249347,0.08086160024006972
2022-12-05,10.325208333333334,10.257399,0.06780972798665452
2022-12-06,10.314583333333331,10.265787,0.048796208699542376
2022-12-07,10.289791666666668,10.257401,0.032390200297038874
2022-12-08,10.279895833333333,10.238269,0.04162698109944607
2022-12-09,10.271041666666669,10.237168,0.03387335459391494
2022-12-10,10.264791666666666,10.246713,0.018078982035317992
2022-12-11,10.25,10.25626,-0.006259918212890625
2022-12-12,10.248854166666666,10.26722,-0.018365376790365318
2022-12-13,10.243020833333334,10.270146,-0.02712553660074768
2022-12-14,10.2321875,10.265515,-0.03332782745361307
2022-12-15,10.151875,10.263192,-0.11131717681884723
2022-12-16,9.988645833333331,10.113841,-0.12519522349039924
2022-12-17,9.892291666666669,10.036893,-0.14460122426350708
2022-12-18,9.844583333333333,9.950042,-0.10545843760172602
2022-12-19,9.809791666666667,9.865717,-0.05592526753743421
2022-12-20,9.7775,9.797901,-0.020401153564453267
2022-12-21,9.753333333333332,9.749808,0.0035250218709297343
2022-12-22,9.7109375,9.720653,-0.009715080261230469
2022-12-23,9.700833333333334,9.608142,0.09269143422444692
2022-12-24,9.70375,9.5951805,0.10856948852539006
2022-12-25,9.691249999999998,9.627282,0.06396785736083821
2022-12-26,9.6865625,9.647251,0.03931137084961023
2022-12-27,9.676041666666666,9.652664,0.02337748209635393
2022-12-28,9.670104166666668,9.651869,0.01823534647623859
2022-12-29,9.665625,9.649191,0.016434097290039418
2022-12-30,9.658958333333333,9.650957,0.008001225789387334
2022-12-31,9.630104166666667,9.651074,-0.020970242818195928
2023-01-01,9.595208333333334,9.570611,0.024597333272298627
2023-01-02,9.572708333333331,9.566731,0.005976880391436623
2023-01-03,9.545729166666666,9.5707035,-0.02497433980306063
2023-01-04,9.530729166666665,9.564866,-0.03413689931233854
2023-01-05,9.515520833333332,9.535458,-0.019936777750652723
2023-01-06,9.505729166666667,9.5135565,-0.007827313741048059
2023-01-07,9.4921875,9.508304,-0.01611614227294922
2023-01-08,9.472916666666666,9.5049095,-0.031992848714192945
2023-01-09,9.443229166666667,9.443474,-0.0002446492513019649
2023-01-10,9.439479166666668,9.418537,0.020942026774090294
2023-01-11,9.431979166666666,9.417624,0.014354693094889015
2023-01-12,9.409166666666666,9.421525,-0.012358334859213116
2023-01-13,9.398020833333334,9.33372,0.06430062611897824
2023-01-14,9.401666666666669,9.323549,0.07811739603678625
2023-01-15,9.399583333333334,9.357751,0.04183244069417391
2023-01-16,9.389375000000001,9.381028,0.00834682464599723
2023-01-17,9.381354166666666,9.387603,-0.006248639424642377
2023-01-18,9.390416666666669,9.382699,0.007717653910320976
2023-01-19,9.376354166666667,9.374433,0.0019216028849289302
2023-01-20,9.388125000000002,9.339383,0.04874187469482649
2023-01-21,9.395,9.34595,0.049049873352050355
2023-01-22,9.375,9.373853,0.0011472702026367188
2023-01-23,9.378854166666668,9.348069,0.030784975687664584
2023-01-24,9.394583333333332,9.33454,0.060042966206866666
2023-01-25,9.36125,9.335247,0.026002960205078196
2023-01-26,9.330625,9.255253,0.07537216186523388
2023-01-27,9.315625,9.213578,0.1020467758178718
2023-01-28,9.303958333333334,9.22808,0.07587853749593165
2023-01-29,9.286666666666669,9.242556,0.04411104838053603
2023-01-30,9.273854166666666,9.254698,0.0191563669840491
2023-01-31,9.265833333333331,9.258657,0.00717587788899543
2023-02-01,9.253541666666669,9.248808,0.004733759562176587
2023-02-02,9.237916666666669,9.233604,0.004312235514325025
2023-02-03,9.242083333333332,9.237314,0.004769109090167589
2023-02-04,9.243333333333334,9.249578,-0.00624514261881437
2023-02-05,9.2196875,9.251772,-0.032084426879883665
2023-02-06,9.211354166666668,9.236358,-0.02500352223714053
2023-02-07,9.212395833333334,9.235075,-0.022679163614908404
2023-02-08,9.209166666666668,9.234731,-0.025564053853351254
2023-02-09,9.196666666666667,9.221196,-0.02452950795491482
2023-02-10,9.203020833333332,9.215498,-0.012477137247723036
2023-02-11,9.211979166666667,9.216339,-0.004359944661457504
2023-02-12,9.176979166666667,9.228049,-0.05107011159260999
2023-02-13,9.1859375,9.180043,0.0058942794799801135
2023-02-14,9.20375,9.161741,0.042008743286132244
2023-02-15,9.189166666666669,9.1706915,0.01847517649332886
2023-02-16,9.185416666666669,9.184604,0.0008129755655943427
2023-02-17,9.178333333333333,9.188392,-0.010058352152507055
2023-02-18,9.203958333333334,9.125415,0.07854348500569763
2023-02-19,9.181354166666669,9.136846,0.04450857798258667
2023-02-20,9.166770833333334,9.15789,0.008880513509115673
2023-02-21,9.175416666666669,9.183825,-0.008407872517901538
2023-02-22,9.187083333333332,9.203572,-0.016488939921062595
2023-02-23,9.184583333333332,9.211587,-0.027003618876140223
2023-02-24,9.206875,9.196396,0.010479125976562642
2023-02-25,9.196354166666667,9.201407,-0.005053265889484848
2023-02-26,9.183958333333331,9.202689,-0.01873083750407112
2023-02-27,9.183958333333331,9.214123,-0.03016443888346565
2023-02-28,9.195416666666668,9.176332,0.019084192911785536
2023-03-01,9.208854166666669,9.179587,0.029266802469891218
2023-03-02,9.193229166666669,9.195923,-0.0026936848958314386
2023-03-03,9.193958333333333,9.169895,0.024063161214192164
2023-03-04,9.196979166666669,9.145415,0.05156386057536011
2023-03-05,9.213229166666666,9.139415,0.07381437937418589
2023-03-06,9.1990625,9.149676,0.04938617706298842
2023-03-07,9.194270833333333,9.174682,0.01958916982014891
2023-03-08,9.208229166666667,9.202752,0.005477053324382197
2023-03-09,9.208020833333334,9.21997,-0.011948916117349384
2023-03-10,9.191249999999998,9.227647,-0.03639682769775554
2023-03-11,9.203645833333333,9.228948,-0.02530180613199917
2023-03-12,9.214347826086955,9.239657,-0.025309575951618868
2023-03-13,9.201874999999998,9.225773,-0.02389785766601804
2023-03-14,9.217291666666666,9.184742,0.03254969278971309
2023-03-15,9.235,9.200357,0.03464256286621037
2023-03-16,9.241875000000002,9.227687,0.014188117980959092
2023-03-17,9.232291666666669,9.242817,-0.010525258382159564
2023-03-18,9.245208333333332,9.250098,-0.0048898951212574815
2023-03-19,9.272708333333332,9.248066,0.024642384847004095
2023-03-20,9.286145833333332,9.266991,0.019155171712238683
2023-03-21,9.297708333333334,9.276463,0.021245778401693727
2023-03-22,9.299270833333331,9.283657,0.01561375935872178
2023-03-23,9.295625,9.295443,0.000182418823241548
2023-03-24,9.3128125,9.321283,-0.008470840454101847
2023-03-25,9.3103125,9.331355,-0.021042594909667756
2023-03-26,9.338645833333333,9.335668,0.0029782231648756152
2023-03-27,9.341354166666669,9.339861,0.0014932505289735332
2023-03-28,9.363541666666666,9.346577,0.016964975992838305
2023-03-29,9.373645833333333,9.369463,0.004182866414387476
2023-03-30,9.394375,9.38313,0.01124492645263686
2023-03-31,9.391041666666668,9.402267,-0.011225789388019436
2023-04-01,9.367291666666668,9.413026,-0.04573418935139806
2023-04-02,9.403020833333334,9.4060135,-0.002992655436196756
2023-04-03,9.412916666666666,9.416683,-0.0037665303548184426
2023-04-04,9.420208333333331,9.422784,-0.00257551829020386
2023-04-05,9.435208333333334,9.423778,0.011430753072103172
2023-04-06,9.445416666666668,9.433241,0.01217577616373866
2023-04-07,9.454583333333334,9.415255,0.03932874043782597
2023-04-08,9.459479166666666,9.42005,0.03942949930826778
2023-04-09,9.469583333333334,9.446366,0.023217023213705446
2023-04-10,9.478333333333332,9.469437,0.008896687825519223
2023-04-11,9.476041666666667,9.485228,-0.009185918172200047
2023-04-12,9.4828125,9.5089245,-0.026111984252930043
2023-04-13,9.496979166666668,9.528559,-0.031579564412433925
2023-04-14,9.508333333333333,9.536143,-0.02780996958414761
2023-04-15,9.514166666666666,9.542898,-0.02873151143391972
2023-04-16,9.521458333333332,9.493689,0.027769749959308143
2023-04-17,9.531354166666668,9.504109,0.027244784037273817
2023-04-18,9.552083333333334,9.541492,0.0105908711751308
2023-04-19,9.571979166666669,9.571174,0.0008054987589538598
2023-04-20,9.577604166666667,9.587958,-0.010354169209797703
2023-04-21,9.584375,9.596416,-0.01204147338867223
2023-04-22,9.58489583333333,9.607367,-0.02247072855631771
2023-04-23,9.564791666666666,9.548459,0.016332613627115578
2023-04-24,9.583125,9.498463,0.08466232299804766
2023-04-25,9.597083333333332,9.526041,0.07104230244954302
2023-04-26,9.603020833333334,9.563675,0.03934590657552128
2023-04-27,9.6103125,9.603527,0.006785430908202272
2023-04-28,9.589895833333332,9.628445,-0.038548838297527865
2023-04-29,9.588645833333333,9.452812,0.1358336385091139
2023-04-30,9.552395833333334,9.4157915,0.1366043217976891
2023-05-01,9.538645833333332,9.318413,0.22023305257161319
2023-05-02,9.5225,9.368318,0.15418239593505945
2023-05-03,9.52125,9.436936,0.0843136215209963
2023-05-04,9.539583333333333,9.467539,0.0720444997151688
2023-05-05,9.548854166666668,9.4807,0.0681546274820981
2023-05-06,9.553125,9.487863,0.06526241302490199
2023-05-07,9.544583333333334,9.502238,0.04234505971272817
2023-05-08,9.535520833333331,9.519606,0.015915196736651538
2023-05-09,9.539479166666666,9.549041,-0.009561627705892306
2023-05-10,9.555416666666668,9.54809,0.007326685587566217
2023-05-11,9.5625,9.551832,0.010667800903320312
2023-05-12,9.56875,9.557229,0.011520957946776988
2023-05-13,9.56854166666667,9.566152,0.0023900477091505223
2023-05-14,9.5159375,9.467601,0.04833667755126925
2023-05-15,9.489270833333334,9.492177,-0.0029061762491853216
2023-05-16,9.458125,9.518302,-0.06017696380615156
2023-05-17,9.438958333333334,9.496129,-0.05717070261637325
2023-05-18,9.449895833333333,9.454223,-0.004326845804850876
2023-05-19,9.43625,9.442722,-0.0064723205566412645
2023-05-20,9.405520833333334,9.441035,-0.03551443735758397
2023-05-21,9.4025,9.43941,-0.03691020965576186
2023-05-22,9.410312499999998,9.428435,-0.018122825622560512
2023-05-23,9.411041666666668,9.430417,-0.019375394185383144
2023-05-24,9.403958333333334,9.440562,-0.03660391489664683
2023-05-25,9.4190625,9.460079,-0.04101669311523359
2023-05-26,9.429791666666668,9.473183,-0.0433910115559879
2023-05-27,9.435416666666669,9.480544,-0.04512742360432753
2023-05-28,9.425833333333332,9.487957,-0.062123667399090365
2023-05-29,9.409999999999998,9.482478,-0.0724781417846696
2023-05-30,9.416458333333331,9.466119,-0.049660479227704
2023-05-31,9.4190625,9.470851,-0.05178844451904219
2023-06-01,9.423229166666669,9.462551,-0.03932195027669039
2023-06-02,9.4284375,9.459399,-0.030961723327637358
2023-06-03,9.445833333333333,9.4766445,-0.030811182657878078
2023-06-04,9.4603125,9.500596,-0.04028354644775334
2023-06-05,9.470729166666668,9.521148,-0.050418561299640174
2023-06-06,9.480729166666668,9.532767,-0.05203812917073414
2023-06-07,9.4990625,9.5378475,-0.038785018920897585
2023-06-08,9.512812500000003,9.544218,-0.03140556335448963
2023-06-09,9.526145833333333,9.516104,0.010042088826496709
2023-06-10,9.552604166666669,9.529304,0.023300615946453718
2023-06-11,9.574895833333334,9.5521,0.02279565175374465
2023-06-12,9.581041666666666,9.587532,-0.00649037679036546
2023-06-13,9.6009375,9.553761,0.04717697143554744
2023-06-14,9.618229166666667,9.578115,0.04011370340983156
2023-06-15,9.644791666666668,9.616955,0.02783686319987133
2023-06-16,9.654479166666668,9.65034,0.0041390864054378085
2023-06-17,9.658229166666668,9.587311,0.07091837565104342
2023-06-18,9.683125,9.618295,0.06483028411865277
2023-06-19,9.705104166666668,9.657958,0.047146135965984826
2023-06-20,9.7159375,9.682872,0.03306568145752031
2023-06-21,9.663020833333333,9.723689,-0.060668245951335464
2023-06-22,9.607083333333334,9.548517,0.05856610616048208
2023-06-23,9.580833333333333,9.534898,0.04593552907307874
2023-06-24,9.566666666666668,9.508357,0.05830961863200024
2023-06-25,9.573645833333334,9.50555,0.06809544881184948
2023-06-26,9.584166666666668,9.521365,0.06280150095621906
2023-06-27,9.5709375,9.541343,0.029594764709472088
2023-06-28,9.578645833333333,9.522263,0.05638326009114536
2023-06-29,9.5909375,9.517721,0.07321632385253984
2023-06-30,9.598437500000001,9.542722,0.055715751647950285
2023-07-01,9.602291666666666,9.5847435,0.01754816691080663
2023-07-02,9.612395833333332,9.611643,0.0007529958089182998
2023-07-03,9.634895833333331,9.625902,0.008993657430011126
2023-07-04,9.656354166666668,9.628356,0.027998186747234755
2023-07-05,9.677916666666668,9.63927,0.03864683787028156
2023-07-06,9.689270833333333,9.663133,0.026138165791829593
2023-07-07,9.7015625,9.60828,0.09328231811523402
2023-07-08,9.716041666666666,9.640308,0.07573328653971245
2023-07-09,9.7146875,9.6910095,0.023677978515625142
2023-07-10,9.700208333333334,9.67934,0.020867970784506085
2023-07-11,9.723020833333337,9.709735,0.013285916646324836
2023-07-12,9.7453125,9.727742,0.01757030487060618
2023-07-13,9.765833333333331,9.749957,0.01587624867756965
2023-07-14,9.785104166666668,9.7621565,0.02294768015543802
2023-07-15,9.783125,9.751791,0.031333999633789134
2023-07-16,9.603333333333332,9.721945,-0.11861147562662921
2023-07-17,9.230208333333334,9.650123,-0.4199143091837563
2023-07-18,9.224583333333332,9.606483,-0.38190012613932467
2023-07-19,9.227604166666667,9.427466,-0.19986222585042235
2023-07-20,9.219791666666667,9.2598715,-0.0400798161824536
2023-07-21,9.2115625,9.213257,-0.0016943359375005684
2023-07-22,9.221041666666666,9.213707,0.007334696451822609
2023-07-23,9.235520833333334,9.239379,-0.003858095804849526
2023-07-24,9.237291666666664,9.255126,-0.01783433278401958
2023-07-25,9.232291666666669,9.25584,-0.023548634847003314
2023-07-26,9.1915625,9.243025,-0.05146232604980483
2023-07-27,9.190520833333332,9.251083,-0.06056254069010514
2023-07-28,9.203229166666668,9.245039,-0.04180981953938634
2023-07-29,9.204166666666667,9.228546,-0.024379475911457504
2023-07-30,9.190833333333332,9.185166,0.005666974385578172
2023-07-31,9.19375,9.202155,-0.008405113220215199
2023-08-01,9.203229166666668,9.182041,0.021187998453777723
2023-08-02,9.2121875,9.197124,0.01506397247314517
2023-08-03,9.215833333333334,9.228743,-0.012909266153970478
2023-08-04,9.2059375,9.249143,-0.04320514678955156
2023-08-05,9.20625,9.217299,-0.011049461364745383
2023-08-06,9.222187499999999,9.233855,-0.011667747497559944
2023-08-07,9.231458333333334,9.2519245,-0.020466181437173603
2023-08-08,9.251041666666667,9.271212,-0.020169957478840317
2023-08-09,9.281458333333331,9.290883,-0.009424730936688164
2023-08-10,9.287291666666668,9.300252,-0.012960294087726254
2023-08-11,9.311354166666666,9.299107,0.012247568766275307
2023-08-12,9.336979166666667,9.311153,0.02582575480143312
2023-08-13,9.361770833333331,9.328083,0.03368779500325303
2023-08-14,9.371770833333333,9.346743,0.025028203328449905
2023-08-15,9.361666666666665,9.36659,-0.004922879536948699
2023-08-16,9.384166666666667,9.364335,0.019831606547038305
2023-08-17,9.395729166666667,9.38317,0.01255903879801501
2023-08-18,9.418020833333333,9.398345,0.019675839742024692
2023-08-19,9.457291666666666,9.424402,0.03288942972818987
2023-08-20,9.479895833333334,9.448455,0.03144097646077526
2023-08-21,9.498020833333332,9.474764,0.023256963094073768
2023-08-22,9.5184375,9.505965,0.012472267150878125
2023-08-23,9.538958333333332,9.532813,0.006145261128741808
2023-08-24,9.553125,9.562577,-0.009452247619629262
2023-08-25,9.565416666666668,9.581193,-0.01577630360921134
2023-08-26,9.570833333333336,9.586281,-0.015447489420569838
2023-08-27,9.550208333333334,9.578109,-0.02790045420328724
2023-08-28,9.555208333333336,9.584538,-0.02933012644449562
2023-08-29,9.548333333333334,9.46323,0.08510320027669316
2023-08-30,9.5584375,9.453072,0.10536590576171889
2023-08-31,9.58583333333333,9.507926,0.07790734608967753
2023-09-01,9.612395833333332,9.564608,0.04778821309407455
2023-09-02,9.622916666666669,9.5934,0.029516665140789655
2023-09-03,9.637916666666667,9.614919,0.022997957865397822
2023-09-04,9.658958333333333,9.64075,0.018208401997883428
2023-09-05,9.679895833333331,9.660167,0.0197290929158509
2023-09-06,9.698125,9.680394,0.017730827331542187
2023-09-07,9.719270833333336,9.702277,0.01699364980062157
2023-09-08,9.734479166666668,9.719412,0.01506731669108241
2023-09-09,9.731458333333334,9.716518,0.014939931233724835
2023-09-10,9.701666666666666,9.727976,-0.026309178670247846
2023-09-11,9.712604166666669,9.71566,-0.0030559285481750464
2023-09-12,9.7309375,9.707793,0.02314426422119098
2023-09-13,9.749479166666667,9.725223,0.02425657908121792
2023-09-14,9.770208333333333,9.748647,0.021561597188313186
2023-09-15,9.788125,9.775871,0.012253723144532103
2023-09-16,9.807708333333334,9.799254,0.008453915913900545
2023-09-17,9.823333333333332,9.819485,0.0038486226399729873
2023-09-18,9.8084375,9.832013,-0.02357563018798814
2023-09-19,9.82375,9.76729,0.056459884643555114
2023-09-20,9.8309375,9.769258,0.06167995452880781
2023-09-21,9.8375,9.789181,0.04831924438476598
2023-09-22,9.8428125,9.812665,0.03014751434326257
2023-09-23,9.6578125,9.817005,-0.15919265747070277
2023-09-24,9.514895833333332,9.720932,-0.20603617350260528
2023-09-25,9.495833333333334,9.657191,-0.1613579432169594
2023-09-26,9.48541666666667,9.56849,-0.08307336171467838
2023-09-27,9.476145833333334,9.494212,-0.018066317240396756
2023-09-28,9.470520833333332,9.474459,-0.00393786112467609
2023-09-29,9.468333333333334,9.46371,0.0046235020955407435
2023-09-30,9.474791666666668,9.457528,0.01726355234782062
2023-10-01,9.479270833333333,9.464054,0.015216725667317021
2023-10-02,9.492083333333332,9.465844,0.026239178975421495
2023-10-03,9.503541666666669,9.470242,0.0333001200358094
2023-10-04,9.5184375,9.48459,0.03384792327880781
2023-10-05,9.527395833333332,9.507778,0.019617665608722135
2023-10-06,9.529479166666668,9.529018,0.00046076456705890223
2023-10-07,9.535000000000002,9.544815,-0.009815063476560582
2023-10-08,9.558125,9.574672,-0.016546745300292542
2023-10-09,9.578125,9.596586,-0.018461227416992188
2023-10-10,9.593958333333331,9.60498,-0.011022135416668633
2023-10-11,9.611666666666668,9.618373,-0.006706250508624834
2023-10-12,9.628958333333332,9.633281,-0.004322420756023959
2023-10-13,9.649583333333334,9.653809,-0.0042252604166659324
2023-10-14,9.627916666666666,9.677425,-0.049508717854818585
2023-10-15,9.621979166666668,9.595655,0.02632372538248795
2023-10-16,9.643645833333334,9.598251,0.04539449055989664
2023-10-17,9.668333333333331,9.610388,0.05794553120930779
2023-10-18,9.684375,9.627283,0.05709190368652273
2023-10-19,9.693125,9.654791,0.038334121704101776
2023-10-20,9.686458333333333,9.675268,0.011190160115559067
2023-10-21,9.701979166666666,9.678657,0.02332258860270109
2023-10-22,9.7321875,9.700305,0.031882514953613494
2023-10-23,9.759583333333332,9.716851,0.042732098897296567
2023-10-24,9.770416666666666,9.732841,0.03757612864176352
2023-10-25,9.775833333333331,9.749502,0.026331151326495217
2023-10-26,9.784166666666666,9.765282,0.01888498942057204
2023-10-27,9.792083333333332,9.7844515,0.007631848653156581
2023-10-28,9.801145833333337,9.797554,0.0035918172200553045
2023-10-29,9.805625,9.814336,-0.008710823059082884
2023-10-30,9.8128125,9.829755,-0.016942329406738565
2023-10-31,9.820104166666669,9.844219,-0.024115041097003242
2023-11-01,9.821875,9.841837,-0.019961929321288707
2023-11-02,9.837291666666667,9.849886,-0.012594273885090601
2023-11-03,9.835104166666666,9.842464,-0.007360280354818727
2023-11-04,9.831770833333334,9.839329,-0.007557932535807055
2023-11-05,9.84,9.853655,-0.013654861450195455
2023-11-06,9.848645833333332,9.87769,-0.029044481913249598
2023-11-07,9.850625,9.888461,-0.037836112976073366
2023-11-08,9.865729166666666,9.891879,-0.026149915059408002
2023-11-09,9.865208333333332,9.894924,-0.029715830485027794
2023-11-10,9.880729166666669,9.893966,-0.013236554463702532
2023-11-11,9.886770833333337,9.897232,-0.010461222330725661
2023-11-12,9.891354166666668,9.90551,-0.01415578206380097
2023-11-13,9.891875,9.91336,-0.021484642028807954
2023-11-14,9.904479166666668,9.933065,-0.02858624776204266
2023-11-15,9.909479166666667,9.937997,-0.028517697652180374
2023-11-16,9.911145833333334,9.940419,-0.02927336374918532
2023-11-17,9.909583333333334,9.946202,-0.03661894480387318
2023-11-18,9.920104166666668,9.95384,-0.03373608907063641
2023-11-19,9.933645833333332,9.966331,-0.032684694925945834
2023-11-20,9.9475,9.976363,-0.028863182067871307
2023-11-21,9.932083333333331,9.973547,-0.04146364847819228
2023-11-22,9.893958333333334,9.930719,-0.03676104227701771
2023-11-23,9.92375,9.829144,0.0946064758300782
2023-11-24,9.938229166666666,9.813698,0.12453135172525975
2023-11-25,9.948958333333332,9.8335705,0.1153878529866521
2023-11-26,9.931666666666668,9.87192,0.05974703470866061
2023-11-27,9.930625,9.898568,0.03205684661865149
2023-11-28,9.948333333333332,9.927051,0.021282742818195644
2023-11-29,9.9559375,9.943008,0.012929077148436718
2023-11-30,9.9634375,9.949707,0.013730468749999503
2023-12-01,9.9634375,9.958935,0.004502716064452628
2023-12-02,9.954375,9.941666,0.01270935058593814
2023-12-03,9.925416666666669,9.936714,-0.011297505696612475
2023-12-04,9.912604166666666,9.932557,-0.01995293935140019
2023-12-05,9.906145833333332,9.936334,-0.030187822977703505
2023-12-06,9.904895833333333,9.932904,-0.028008410135905493
2023-12-07,9.903854166666669,9.933028,-0.029174054463702248
2023-12-08,9.906458333333331,9.925409,-0.018950983683270195
2023-12-09,9.904583333333331,9.91495,-0.010367037455242922
2023-12-10,9.886041666666667,9.910288,-0.02424619038899678
2023-12-11,9.8109375,9.859638,-0.04870071411132848
2023-12-12,9.7290625,9.761771,-0.03270870208740284
2023-12-13,9.680833333333334,9.705959,-0.025125986735025307
2023-12-14,9.651458333333334,9.65869,-0.007232119242349455
2023-12-15,9.623958333333333,9.625475,-0.0015165964762378081
2023-12-16,9.607291666666669,9.606568,0.0007233301798521552
2023-12-17,9.5453125,9.595685,-0.050372505187988637
2023-12-18,8.890520833333333,9.428244,-0.5377228037516275
2023-12-19,8.699062500000002,9.262457,-0.5633943939208965
2023-12-20,8.733125,8.980758,-0.24763271331787173
2023-12-21,8.735104166666668,8.69732,0.037784182230632624
2023-12-22,8.725,8.5718565,0.15314350128173793
2023-12-23,8.7165625,8.585359,0.1312038803100588
2023-12-24,8.711354166666668,8.6388035,0.072550684611004
2023-12-25,8.712083333333334,8.680483,0.031600468953451255
2023-12-26,8.709479166666666,8.698615,0.010864092508951373
2023-12-27,8.695833333333333,8.701179,-0.005345217386881984
2023-12-28,8.694791666666664,8.653193,0.04159819285074562
2023-12-29,8.697291666666667,8.658007,0.03928499857584633
2023-12-30,8.697083333333333,8.675262,0.0218208821614585
2023-12-31,8.7015625,8.694905,0.0066572189331051135
2024-01-01,8.700625,8.711058,-0.01043266296386669
2024-01-02,8.713541666666668,8.708634,0.004907290140788945
2024-01-03,8.718333333333334,8.718206,0.0001269276936852748
2024-01-04,8.731875,8.729874,0.0020013427734379974
2024-01-05,8.7553125,8.737793,0.017519531250000497
2024-01-06,8.706041666666666,8.750301,-0.044259694417318585
2024-01-07,8.6309375,8.604011,0.026926918029785085
2024-01-08,8.633020833333335,8.585089,0.04793210347493648
2024-01-09,8.556666666666667,8.592095,-0.03542870839436851
2024-01-10,8.290208333333334,8.2224655,0.06774281819661532
2024-01-11,8.232395833333333,8.200281,0.032114690144856795
2024-01-12,8.208229166666667,8.2472515,-0.039022343953449834
2024-01-13,8.123125,8.182922,-0.05979736328125007
2024-01-14,8.126666666666667,7.931765,0.1949015871683759
2024-01-15,8.134583333333333,7.9907136,0.14386973698933936
2024-01-16,8.106666666666667,8.08275,0.02391634623209704
2024-01-17,8.116562499999999,8.120655,-0.004092559814454333
2024-01-18,8.119375,8.14645,-0.027075042724609588
2024-01-19,8.115729166666666,8.128949,-0.013219998677572065
2024-01-20,8.1690625,8.087115,0.08194721221923906
2024-01-21,8.211458333333335,8.115858,0.09560025533040495
2024-01-22,8.234687500000001,8.1607275,0.07395999908447415
2024-01-23,8.2515625,8.195919,0.05564346313476598
2024-01-24,8.270104166666666,8.213661,0.056442972819009896
2024-01-25,8.279479166666667,8.21944,0.060038706461588376
2024-01-26,8.299999999999999,8.196424,0.10357646942138565
2024-01-27,8.3403125,8.217455,0.12285758972167926
2024-01-28,8.2840625,8.28598,-0.0019177246093757816
2024-01-29,8.303333333333333,8.208452,0.09488110860188748
2024-01-30,8.3340625,8.230322,0.10374061584472649
2024-01-31,8.3425,8.2824,0.06009986877441342
2024-02-01,8.362604166666666,8.324352,0.03825190226236863
2024-02-02,8.37875,8.356092,0.022657546997070455
2024-02-03,8.41625,8.367681,0.048569450378417756
2024-02-04,8.428333333333333,8.395529,0.03280453999837185
2024-02-05,8.447083333333333,8.439377,0.007706502278645999
2024-02-06,8.4825,8.473329,0.009171409606933523
2024-02-07,8.509479166666667,8.4936,0.01587927500406927
2024-02-08,8.525520833333333,8.496333,0.029187711079915246
2024-02-09,8.526458333333332,8.500763,0.025695393880207362
2024-02-10,8.537916666666666,8.512409,0.025507456461587807
2024-02-11,8.544166666666667,8.477779,0.06638727823893298
2024-02-12,8.528333333333332,8.4079485,0.1203848393758129
2024-02-13,8.426145833333333,8.430283,-0.004136759440104498
2024-02-14,8.3440625,8.348776,-0.004713363647461222
2024-02-15,8.3065625,8.34317,-0.03660766601562493
2024-02-16,8.29125,8.32854,-0.03728984832763693
2024-02-17,8.2865625,8.3079605,-0.021398010253905753
2024-02-18,8.309895833333334,8.281559,0.0283368428548183
2024-02-19,8.343958333333333,8.292257,0.051701024373372206
2024-02-20,8.376666666666667,8.314565,0.062101961771647396
2024-02-21,8.387395833333334,8.350576,0.036819432576498556
2024-02-22,8.376770833333333,8.377589,-0.0008183924357094696
2024-02-23,8.370729166666665,8.397437,-0.026707928975424622
2024-02-24,8.4240625,8.356303,0.06775928497314432
2024-02-25,8.478333333333333,8.377157,0.10117612202962256
2024-02-26,8.487604166666667,8.433401,0.054203058878581345
2024-02-27,8.504895833333334,8.469821,0.03507485707600999
2024-02-28,8.490833333333333,8.483192,0.007640889485676539
2024-02-29,8.329270833333334,8.360284,-0.03101301829020109
2024-03-01,8.2384375,8.39578,-0.15734210968017592
2024-03-02,8.008645833333334,8.357471,-0.3488256327311188
2024-03-03,7.785416666666666,7.987043,-0.20162623723348005
2024-03-04,7.74875,7.8558917,-0.10714170455932592
2024-03-05,7.5571875,7.7352734,-0.1780858612060543
2024-03-06,7.338229166666667,7.6322637,-0.29403449376424096
2024-03-07,7.056666666666669,7.2406235,-0.18395680745442444
2024-03-08,7.074479166666666,7.1462865,-0.07180732091267927
2024-03-09,7.080729166666667,7.176405,-0.09567578633626272
2024-03-10,7.016630434782608,7.0956087,-0.0789782764600675
2024-03-11,7.096145833333334,7.1764054,-0.08025959650675407
2024-03-12,7.173125,7.273837,-0.10071208953857447
2024-03-13,7.252708333333333,7.3335137,-0.08080540339152087
2024-03-14,7.337916666666666,7.412013,-0.07409638722737721
2024-03-15,7.3871875,7.4892325,-0.10204504013061566
2024-03-16,7.460729166666667,7.496927,-0.036197617848714
2024-03-17,7.501562499999999,7.5424023,-0.04083976745605611
2024-03-18,7.590833333333333,7.6054516,-0.014618250528971366
2024-03-19,7.6590625,7.685323,-0.026260738372802628
2024-03-20,7.705520833333334,7.7620325,-0.05651167551676384
2024-03-21,7.798958333333334,7.802188,-0.0032295862833651157
2024-03-22,7.836145833333333,7.849004,-0.012857958475748887
2024-03-23,7.786874999999998,7.8701396,-0.08326459884643711
2024-03-24,7.803958333333333,7.5236974,0.2802609570821124
2024-03-25,7.837916666666666,7.5799127,0.25800400416056224
2024-03-26,7.860729166666666,7.7488885,0.11184067408243781
2024-03-27,7.891875,7.8830943,0.008780689239501704
2024-03-28,7.674062500000001,7.925744,-0.2516815567016595
2024-03-29,7.237916666666667,7.563445,-0.3255284245808916
2024-03-30,7.213020833333334,7.4708233,-0.2578024546305331
2024-03-31,7.269270833333334,7.3574705,-0.08819967905680315
2024-04-01,7.3115625,7.2944274,0.017135105133056605
2024-04-02,7.336458333333333,7.250983,0.08547509511311802
2024-04-03,7.338958333333333,7.3112836,0.027674744923909422
2024-04-04,7.424166666666667,7.348964,0.07520245234171608
2024-04-05,7.523541666666667,7.479064,0.04447767893473298
2024-04-06,7.6025,7.5966682,0.0058317565917969105
2024-04-07,7.676354166666666,7.6907372,-0.01438308080037487
2024-04-08,7.733958333333334,7.749397,-0.015438467661539335
2024-04-09,7.769583333333333,7.7898088,-0.020225416819254605
2024-04-10,7.8128125,7.821363,-0.008550472259521769
2024-04-11,7.832604166666666,7.866451,-0.033846619923910026
2024-04-12,7.845937500000001,7.886889,-0.04095148086547784
2024-04-13,7.910520833333333,7.840531,0.0699899609883623
2024-04-14,7.943541666666667,7.892481,0.05106081644694083
2024-04-15,7.973645833333333,7.9655304,0.008115437825520821
2024-04-16,8.015729166666667,8.022802,-0.007073186238606866
2024-04-17,8.0321875,8.06595,-0.033762893676758665
2024-04-18,8.062916666666666,8.067472,-0.0045557912190759
2024-04-19,8.093854166666667,8.073765,0.020089365641275947
2024-04-20,8.112499999999999,8.114746,-0.002246093750001066
2024-04-21,8.139166666666666,8.136249,0.002918078104654498
2024-04-22,8.16625,8.136105,0.030145416259765412
2024-04-23,8.192083333333333,8.1646385,0.027444814046223343
2024-04-24,8.213645833333333,8.199275,0.014370816548664678
2024-04-25,8.256979166666666,8.230964,0.026015459696450804
2024-04-26,8.283958333333333,8.266896,0.017062085469563115
2024-04-27,8.303854166666667,8.299748,0.004105745951335393
2024-04-28,8.31625,8.318354,-0.0021036529541014204
2024-04-29,8.340729166666668,8.3273735,0.013355662027995763
2024-04-30,8.364166666666666,8.352766,0.011400629679361174
2024-05-01,8.393333333333333,8.400611,-0.007277590433757197
2024-05-02,8.418229166666666,8.433966,-0.015736516316732008
2024-05-03,8.444895833333332,8.457001,-0.012104899088543064
2024-05-04,8.466458333333334,8.488727,-0.022268282572428078
2024-05-05,8.482916666666666,8.506982,-0.02406518300374394
2024-05-06,8.495,8.492757,0.002243156433104687
2024-05-07,8.48625,8.460001,0.02624900817871101
2024-05-08,8.5078125,8.47944,0.028372764587402344
2024-05-09,8.530937499999999,8.534279,-0.003341369628907742
2024-05-10,8.554166666666667,8.587565,-0.03339875539143833
2024-05-11,8.5803125,8.619569,-0.03925632476806662
2024-05-12,8.5953125,8.628811,-0.03349838256835902
2024-05-13,8.621145833333333,8.548404,0.07274209340413407
2024-05-14,8.635833333333334,8.558573,0.07726056416829508
2024-05-15,8.547916666666667,8.5778675,-0.029950841267902817
2024-05-16,8.4965625,8.453724,0.04283859252929645
2024-05-17,8.515416666666667,8.468654,0.04676298777262389
2024-05-18,8.521041666666667,8.489094,0.031947886149088944
2024-05-19,8.539375,8.493833,0.045542411804198935
2024-05-20,8.565,8.506281,0.05871910095214794
2024-05-21,8.58875,8.530626,0.058123703002928906
2024-05-22,8.611145833333333,8.563328,0.047818044026692874
2024-05-23,8.631874999999999,8.603763,0.028112373352049858
2024-05-24,8.648645833333333,8.640765,0.007880643208821425
2024-05-25,8.668229166666666,8.6466675,0.02156168619791643
2024-05-26,8.683645833333333,8.681726,0.0019193776448567235
2024-05-27,8.690416666666666,8.708804,-0.01838746388753343
2024-05-28,8.715625000000001,8.729538,-0.013912963867186434
2024-05-29,8.733645833333334,8.734888,-0.001242243448892566
2024-05-30,8.7440625,8.718144,0.02591808319091804
2024-05-31,8.769479166666667,8.749306,0.020173441569010464
2024-06-01,8.784895833333332,8.780043,0.004853185017902106
2024-06-02,8.798125,8.800168,-0.0020430374145501418
2024-06-03,8.8096875,8.823995,-0.01430713653564375
2024-06-04,8.8303125,8.846904,-0.016591300964355682
2024-06-05,8.838541666666666,8.848154,-0.009612401326497988
2024-06-06,8.849166666666667,8.876296,-0.027129376729329024
2024-06-07,8.873958333333334,8.784182,0.08977673848470147
2024-06-08,8.900833333333333,8.824588,0.07624551137288371
2024-06-09,8.913020833333333,8.888347,0.024674161275227036
2024-06-10,8.939479166666667,8.940595,-0.0011155064900716383
2024-06-11,8.944270833333333,8.962871,-0.018599764506022964
2024-06-12,8.964166666666666,8.977058,-0.012891743977865744
2024-06-13,8.981041666666668,8.98733,-0.006288770039875047
2024-06-14,8.99875,8.998417,0.0003330993652337355
2024-06-15,9.025833333333331,9.01945,0.006383145650225686
2024-06-16,9.048854166666668,9.044688,0.004165941874187951
2024-06-17,9.06729166666667,9.067822,-0.0005307896931938672
2024-06-18,9.089270833333332,9.085302,0.0039684804280586405
2024-06-19,9.110208333333333,9.098372,0.011835873921711482
2024-06-20,9.128333333333334,9.117306,0.01102757771809948
2024-06-21,9.146666666666668,9.140998,0.0056687800089534335
2024-06-22,9.165520833333336,9.170983,-0.0054624811808245965
2024-06-23,9.185625,9.207167,-0.02154167175292976
2024-06-24,9.216145833333334,9.223865,-0.007718722025552793
2024-06-25,9.247083333333334,9.22598,0.02110352834065843
2024-06-26,9.260520833333333,9.241183,0.019337552388508428
2024-06-27,9.215104166666668,9.270029,-0.054924901326495856
2024-06-28,9.250625,9.288252,-0.037626876831055256
2024-06-29,9.265208333333332,9.285533,-0.020324618021648533
2024-06-30,9.28,9.282478,-0.0024783325195318895
2024-07-01,9.305625000000001,9.248682,0.05694297790527436
2024-07-02,9.3315625,9.244692,0.08687065124511761
2024-07-03,9.348958333333334,9.292855,0.05610307057698627
2024-07-04,9.36875,9.348468,0.020282173156738637
2024-07-05,9.392083333333334,9.387522,0.004561589558919721
2024-07-06,9.4209375,9.426513,-0.005575218200682741
2024-07-07,9.445520833333331,9.44155,0.003970578511554024
2024-07-08,9.46375,9.452807,0.0109425735473625
2024-07-09,9.482604166666668,9.463913,0.018691202799480777
2024-07-10,9.504375,9.482348,0.022026557922362855
2024-07-11,9.516354166666666,9.5093,0.0070539347330722535
2024-07-12,9.438125,9.477775,-0.03964962005615291
2024-07-13,9.394583333333332,9.437459,-0.04287565867106302
2024-07-14,9.269375,9.316423,-0.04704841613769517
2024-07-15,9.253125,9.325561,-0.07243556976318288
2024-07-16,9.268020833333331,9.320786,-0.05276564280192275
2024-07-17,9.2925,9.309627,-0.017126579284667542
2024-07-18,9.312083333333335,9.296661,0.015421956380210489
2024-07-19,9.335520833333334,9.166606,0.16891488393147824
2024-07-20,9.34875,9.205404,0.14334571838378984
2024-07-21,9.35916666666667,9.24349,0.11567644755045947
2024-07-22,9.373125,9.302876,0.0702485275268554
2024-07-23,9.389375000000001,9.31966,0.06971481323242301
2024-07-24,9.379895833333334,9.328155,0.051741269429525616
2024-07-25,9.394583333333332,9.318755,0.07582818349202292
2024-07-26,9.414791666666668,9.3124075,0.10238417307535919
2024-07-27,9.441979166666666,9.347979,0.09400057474772083
2024-07-28,9.46625,9.392769,0.07348114013671925
2024-07-29,9.482395833333332,9.434695,0.04770058949788236
2024-07-30,9.492916666666668,9.452693,0.04022368113199981
2024-07-31,9.504895833333334,9.466981,0.0379148991902678
2024-08-01,9.521041666666669,9.481456,0.03958586374918838
2024-08-02,9.541979166666666,9.508545,0.03343424479166579
2024-08-03,9.567708333333334,9.539461,0.028247197469076113
2024-08-04,9.586666666666666,9.548266,0.038400255839029285
2024-08-05,9.591875,9.383895,0.20798007965087884
2024-08-06,9.608229166666666,9.42399,0.18423891703287687
2024-08-07,9.620625,9.509597,0.11102817535400433
2024-08-08,9.606145833333331,9.533605,0.07254121144612391
2024-08-09,9.604270833333333,9.492375,0.11189545949300062
2024-08-10,9.606875,9.426644,0.18023067474365284
2024-08-11,9.62875,9.45386,0.17488971710205092
2024-08-12,9.647916666666667,9.510618,0.13729845682779995
2024-08-13,9.667395833333332,9.581105,0.08629060109456255
2024-08-14,9.685625,9.633441,0.05218402862548821
2024-08-15,9.702708333333334,9.6641,0.03860864003499387
2024-08-16,9.723125000000001,9.682985,0.04013969421386854
2024-08-17,9.735625,9.708387,0.027237625122070952
2024-08-18,9.719166666666668,9.742789,-0.02362260182698428
2024-08-19,9.732916666666666,9.699764,0.03315241495768184
2024-08-20,9.7159375,9.701565,0.014372711181641407
2024-08-21,9.736666666666668,9.7351465,0.0015201441446954789
2024-08-22,9.757708333333332,9.762029,-0.0043203608195003795
2024-08-23,9.7778125,9.771387,0.006425399780273011
2024-08-24,9.796354166666664,9.785436,0.010918490091956556
2024-08-25,9.816354166666668,9.809964,0.006389986673992709
2024-08-26,9.828958333333334,9.823843,0.005115331013998414
2024-08-27,9.846354166666666,9.842314,0.004040400187173887
2024-08-28,9.863854166666666,9.864278,-0.00042367299397838565
2024-08-29,9.890416666666669,9.879078,0.011338755289715508
2024-08-30,9.851979166666666,9.846346,0.005633265177408475
2024-08-31,9.846770833333332,9.816674,0.030096600850422206
2024-09-01,9.861458333333331,9.832918,0.028540166219073626
2024-09-02,9.87770833333333,9.839914,0.03779401143391681
2024-09-03,9.903645833333334,9.869645,0.03400071461995502
2024-09-04,9.919479166666669,9.900169,0.019309794108075096
2024-09-05,9.930937500000002,9.914817,0.016120643615725072
2024-09-06,9.9384375,9.929465,0.008972206115721804
2024-09-07,9.946666666666667,9.962471,-0.01580434163411404
2024-09-08,9.973645833333334,9.996101,-0.02245554606119704
2024-09-09,9.993750000000002,10.01005,-0.01629981994628693
2024-09-10,10.0140625,10.01261,0.001452064514159801
2024-09-11,10.036458333333334,10.022376,0.014082272847494082
2024-09-12,10.051354166666668,10.0387535,0.012600657145183547
2024-09-13,10.064270833333332,10.058839,0.0054319890340153165
2024-09-14,10.077395833333334,10.078349,-0.0009532801310214722
2024-09-15,10.0921875,10.10021,-0.008022689819336293
2024-09-16,10.103020833333334,10.115246,-0.012224985758463092
2024-09-17,10.103125,10.133362,-0.030236816406249645
2024-09-18,10.071354166666666,10.075781,-0.004426701863607718
2024-09-19,10.07625,9.962568,0.11368171691894524
2024-09-20,10.10125,9.975271,0.12597877502441435
2024-09-21,10.116458333333332,10.017879,0.09857980092366425
2024-09-22,10.121145833333332,10.065752,0.0553938039143862
2024-09-23,10.131041666666668,10.103192,0.027849337259929996
2024-09-24,10.1428125,10.132423,0.010389099121093537
2024-09-25,10.151041666666666,10.143616,0.0074259440104160745
2024-09-26,10.1559375,10.132632,0.023305244445801065
2024-09-27,10.148229166666669,10.139346,0.008883043924969414
2024-09-28,10.111875,10.085909,0.02596611022949169
2024-09-29,10.132083333333334,10.097706,0.03437749226888087
2024-09-30,10.1465625,10.100115,0.046447677612304616
2024-10-01,10.146354166666669,10.109617,0.036736933390301374
2024-10-02,10.158020833333332,10.111098,0.04692254384358563
2024-10-03,10.172708333333334,10.118267,0.05444127400716248
2024-10-04,10.183645833333332,10.122882,0.06076394399006979
2024-10-05,10.194895833333332,10.135614,0.05928143819173037
2024-10-06,10.202500000000002,10.159609,0.04289115905761953
2024-10-07,10.217395833333333,10.193365,0.02403073628743435
2024-10-08,10.243541666666667,10.223322,0.02021975199381565
2024-10-09,10.256041666666668,10.238026,0.018016001383465152
2024-10-10,10.2740625,10.253975,0.02008758544921818
2024-10-11,10.284270833333332,10.269914,0.014357159932453456
2024-10-12,10.297083333333331,10.285572,0.011511281331378242
2024-10-13,10.3065625,10.301343,0.00521953582763679
2024-10-14,10.33125,10.319298,0.01195220947265696
2024-10-15,10.345520833333332,10.329964,0.015557149251300473
2024-10-16,10.357395833333332,10.344147,0.01324910481770658
2024-10-17,10.367916666666666,10.357337,0.01057966868082616
2024-10-18,10.38354166666667,10.376621,0.006920420328778931
2024-10-19,10.392291666666669,10.38566,0.006631495157879641
2024-10-20,10.398541666666668,10.38204,0.01650164286295741
2024-10-21,10.4078125,10.390658,0.017154121398926137
2024-10-22,10.423541666666669,10.40747,0.01607191721598511
2024-10-23,10.452291666666666,10.425397,0.026894747416177367
2024-10-24,10.428958333333334,10.444326,-0.015368067423501941
2024-10-25,10.4534375,10.4729595,-0.01952201843261747
2024-10-26,10.462708333333333,10.478605,-0.01589693705240869
2024-10-27,10.48375,10.474386,0.009363784790039631
2024-10-28,10.483229166666666,10.476459,0.006770617167154214
2024-10-29,10.495937500000002,10.478342,0.017595443725587856
2024-10-30,10.50791666666667,10.481136,0.02678034464518575
2024-10-31,10.52,10.490204,0.029796142578124574
2024-11-01,10.5128125,10.507071,0.005741958618164844
2024-11-02,10.49375,10.519717,-0.025967216491698863
2024-11-03,10.517916666666666,10.518863,-0.00094605763753286
2024-11-04,10.5428125,10.508897,0.033915672302246236
2024-11-05,10.545104166666668,10.507549,0.0375548807779964
2024-11-06,10.548020833333334,10.52063,0.027390950520834068
2024-11-07,10.5396875,10.533703,0.0059846496582025566
2024-11-08,10.548020833333334,10.541237,0.0067839558919278176
2024-11-09,10.548229166666667,10.545579,0.002650210062663305
2024-11-10,10.553333333333333,10.551189,0.0021439107259109136
2024-11-11,10.477604166666667,10.539672,-0.0620677312215161
2024-11-12,10.491145833333333,10.460333,0.030812962849934067
2024-11-13,10.502916666666666,10.431771,0.07114538828531813
2024-11-14,10.500833333333334,10.4261465,0.07468682607015076
2024-11-15,10.483645833333334,10.43781,0.045835889180501965
2024-11-16,10.505625,10.441121,0.06450389862060568
2024-11-17,10.517291666666669,10.450248,0.06704390207926636
2024-11-18,10.518333333333333,10.461408,0.056925671895344365
2024-11-19,10.5296875,10.479687,0.05000076293945277
2024-11-20,10.525625,10.49892,0.026704559326171662
2024-11-21,10.520416666666666,10.457024,0.06339304606119711
2024-11-22,10.531875,10.4321995,0.09967552185058537
2024-11-23,10.5453125,10.431592,0.11372051239013636
2024-11-24,10.555520833333334,10.430095,0.12542611440022888
2024-11-25,10.555999999999997,10.428246,0.12775445556640364
2024-11-26,10.5609375,10.43322,0.1277175903320309
2024-11-27,10.571875,10.452033,0.11984195709228551
2024-11-28,10.5621875,10.471985,0.09020263671875028
2024-11-29,10.567291666666668,10.457259,0.11003248850504654
2024-11-30,10.56625,10.467775,0.09847465515136733
2024-12-01,10.5834375,10.482465,0.10097270965576222
2024-12-02,10.585520833333335,10.494555,0.09096536000569877
2024-12-03,10.594270833333333,10.510757,0.08351338704427036
2024-12-04,10.595729166666668,10.529274,0.06645517985026217
2024-12-05,10.604895833333332,10.551241,0.053654912312824266
2024-12-06,10.619583333333331,10.581175,0.03840848286946397
2024-12-07,10.618229166666666,10.600552,0.017677561442056344
2024-12-08,10.618958333333332,10.610767,0.008190968831378598
2024-12-09,10.627916666666668,10.608495,0.019421908060710535
2024-12-10,10.630416666666669,10.601373,0.02904394785563369
2024-12-11,10.549479166666666,10.6020775,-0.0525983174641933
2024-12-12,10.457083333333332,10.430215,0.026868451436358853
2024-12-13,10.428541666666666,10.36722,0.06132174173990812
2024-12-14,10.422708333333334,10.3188715,0.1038368352254242
2024-12-15,10.4140625,10.296736,0.11732673645019531
2024-12-16,10.399791666666667,10.2986355,0.10115618387858127
2024-12-17,10.3971875,10.290254,0.10693386077880795
2024-12-18,10.39625,10.291474,0.1047756576538088
2024-12-19,10.4078125,10.274218,0.13359489440918004
2024-12-20,10.401041666666666,10.287972,0.11306921641031842
2024-12-21,10.4190625,10.320823,0.09823978424072344
2024-12-22,10.426666666666668,10.341783,0.08488409678141373
2024-12-23,10.431458333333332,10.3506365,0.08082185109456219
2024-12-24,10.429583333333332,10.349929,0.07965447743733556
2024-12-25,10.438645833333332,10.363333,0.07531308492024635
2024-12-26,10.44625,10.380583,0.06566719055175696
2024-12-27,10.449791666666666,10.396266,0.05352568308512318
2024-12-28,10.454270833333334,10.410803,0.04346799214681063
2024-12-29,10.4521875,10.420303,0.03188415527343835
2024-12-30,10.460729166666669,10.412716,0.04801325480143426
2024-12-31,10.4646875,10.4179945,0.04669300079345717
2025-01-01,10.481979166666669,10.408211,0.0737684122721376
2025-01-02,10.496874999999998,10.415677,0.08119792938232173
2025-01-03,10.4971875,10.428466,0.06872165679931719
2025-01-04,10.5125,10.443656,0.06884403228759695
2025-01-05,10.52,10.460809,0.05919124603271442
2025-01-06,10.481145833333333,10.471979,0.009166692097981155
2025-01-07,10.475312500000001,10.42592,0.04939296722412223
2025-01-08,10.473541666666668,10.415867,0.05767481486002701
2025-01-09,10.473750000000003,10.422032,0.05171764373779553
2025-01-10,10.478020833333334,10.437176,0.04084508260091191
2025-01-11,10.4790625,10.440217,0.038845481872558096
2025-01-12,10.4915625,10.417145,0.07441772460937557
2025-01-13,10.482395833333332,10.401681,0.08071488698323392
2025-01-14,10.483333333333334,10.403438,0.07989571889241631
2025-01-15,10.4928125,10.421131,0.0716813659667963
2025-01-16,10.4846875,10.442927,0.04176013946533175
2025-01-17,10.495833333333334,10.459825,0.036008771260579664
2025-01-18,10.4709375,10.461527,0.009410629272460724
2025-01-19,10.462604166666669,10.465984,-0.0033801778157531714
2025-01-20,10.474062500000002,10.465164,0.008898315429689774
2025-01-21,10.4725,10.453872,0.01862827301025405
2025-01-22,10.475104166666666,10.436805,0.03829939524332637
2025-01-23,10.4696875,10.428599,0.04108814239501868
2025-01-24,10.473229166666668,10.432998,0.04023146311442183
2025-01-25,10.472916666666668,10.437845,0.035071436564129144
2025-01-26,10.4603125,10.440625,0.019687309265137287
2025-01-27,10.446770833333334,10.444768,0.002002881368001752
2025-01-28,10.439895833333331,10.450754,-0.010858332316082908
2025-01-29,10.4475,10.453021,-0.005521049499511932
2025-01-30,10.4625,10.449145,0.013354682922363637
2025-01-31,10.430208333333333,10.432287,-0.002078882853190578
2025-02-01,10.385,10.3764515,0.008548507690429474
2025-02-02,10.349270833333334,10.307365,0.04190541585286489
2025-02-03,10.316145833333334,10.27173,0.04441541035970076
2025-02-04,10.302604166666669,10.257332,0.04527231852213731
2025-02-05,10.285104166666663,10.256703,0.02840078989664363
2025-02-06,10.229583333333334,10.248978,-0.01939432779947836
2025-02-07,10.218020833333334,10.199224,0.01879636128743556
2025-02-08,10.181354166666669,10.154769,0.02658522288004761
2025-02-09,10.155833333333334,10.116433,0.039400189717611056
2025-02-10,10.133541666666666,10.1087675,0.024774157206216785
2025-02-11,10.090833333333334,10.097009,-0.006175371805825947
2025-02-12,10.003645833333334,10.011746,-0.008100573221842211
2025-02-13,9.806458333333332,9.92345,-0.1169921366373714
2025-02-14,9.588229166666666,9.814947,-0.22671796162923208
2025-02-15,9.425520833333334,9.700114,-0.2745934168497719
2025-02-16,9.262291666666666,9.455589,-0.1932976277669276
2025-02-17,9.195625,9.236145,-0.040520019531250284
2025-02-18,9.120208333333332,9.128933,-0.008724619547527013
2025-02-19,9.064375,9.078617,-0.014242095947265554
2025-02-20,9.025625,9.014212,0.01141334533691385
2025-02-21,9.019270833333332,8.990608,0.028662618001300544
2025-02-22,9.000937500000001,8.981006,0.019931831359864205
2025-02-23,8.988125,8.979269,0.008855972290039205
2025-02-24,8.983541666666667,8.985092,-0.0015504964192700754
2025-02-25,8.976354166666667,8.992499,-0.016145184834797988
2025-02-26,8.994270833333333,8.987731,0.006539853413899621
2025-02-27,8.983541666666667,8.973793,0.009748636881511175
2025-02-28,9.000520833333333,8.95906,0.041461118062336766
2025-03-01,9.0003125,8.974407,0.02590530395507784
2025-03-02,9.038541666666664,9.004547,0.03399454752603859
2025-03-03,9.046458333333334,9.05171,-0.005251795450845975
2025-03-04,9.046979166666667,9.070739,-0.023759625752767022
2025-03-05,8.994479166666666,9.073817,-0.07933808644612661
2025-03-06,8.858229166666666,8.961427,-0.10319756825765047
2025-03-07,8.840625,8.961648,-0.12102298736572337
2025-03-08,8.839270833333332,8.905346,-0.0660750834147148
2025-03-09,8.84945652173913,8.822955,0.02650139020836839
2025-03-10,8.842708333333333,8.79045,0.05225823720296141
2025-03-11,8.84125,8.803138,0.038112220764160654
2025-03-12,8.851249999999999,8.842585,0.008665390014646945
2025-03-13,8.858645833333332,8.884672,-0.026026331583659967
2025-03-14,8.869583333333333,8.896401,-0.026818072001139726
2025-03-15,8.870624999999999,8.914331,-0.04370643615722791
2025-03-16,8.866770833333332,8.925443,-0.058671862284343845
2025-03-17,8.515625,8.769794,-0.2541694641113281
2025-03-18,8.368333333333334,8.560617,-0.19228411356608
2025-03-19,8.367395833333333,8.46575,-0.0983539072672528
2025-03-20,8.357604166666667,8.387872,-0.030267575581868655
2025-03-21,8.394270833333334,8.290328,0.10394280751546248
2025-03-22,8.411979166666667,8.33013,0.08184954325358085
2025-03-23,8.4546875,8.395113,0.05957450866699254
2025-03-24,8.448437499999999,8.444224,0.0042131423950184654
2025-03-25,8.4825,8.423225,0.05927459716796868
2025-03-26,8.5103125,8.428611,0.08170169830322216
2025-03-27,8.5453125,8.480081,0.06523189544677699
2025-03-28,8.554583333333333,8.525721,0.028862737019856866
2025-03-29,8.574166666666667,8.544178,0.02998865763346359
2025-03-30,8.596458333333333,8.554493,0.04196538289387952
2025-03-31,8.5990625,8.583268,0.01579433441162159
2025-04-01,8.625937500000001,8.577903,0.04803470611572358
2025-04-02,8.6634375,8.583666,0.07977165222168026
2025-04-03,8.663229166666666,8.613831,0.04939860026041565
2025-04-04,8.693020833333334,8.634168,0.05885316212972036
2025-04-05,8.6940625,8.662498,0.03156402587890561
2025-04-06,8.700833333333334,8.706033,-0.005199419657389015
2025-04-07,8.690729166666666,8.738213,-0.047483418782553244
2025-04-08,8.591770833333333,8.495118,0.09665269215901695
2025-04-09,8.565416666666668,8.445372,0.12004503885905038
2025-04-10,8.550104166666667,8.48415,0.06595423380533916
2025-04-11,8.496458333333333,8.519508,-0.023050028483073248
2025-04-12,8.1871875,8.39091,-0.20372264862060518
2025-04-13,8.091041666666667,8.378047,-0.2870053227742506
2025-04-14,8.086041666666667,8.266807,-0.18076493581136077
2025-04-15,8.090104166666666,8.14492,-0.05481618245442732
2025-04-16,8.127291666666666,7.983632,0.14365957895914683
2025-04-17,8.176666666666668,8.036558,0.14010851542155045
2025-04-18,8.203958333333334,8.146669,0.05728894551595154
2025-04-19,8.232708333333333,8.2129345,0.019773839314778385
2025-04-20,8.278854166666667,8.232563,0.046291147867838944
2025-04-21,8.3,8.2656355,0.03436450958252024
2025-04-22,8.323020833333333,8.305449,0.01757230122884046
2025-04-23,8.37375,8.323942,0.04980781555175717
2025-04-24,8.410416666666666,8.357145,0.05327135721842424
2025-04-25,8.434270833333333,8.401745,0.03252599080403584
2025-04-26,8.450520833333334,8.434141,0.016379674275716738
2025-04-27,8.502083333333333,8.402507,0.09957650502522775
2025-04-28,8.543541666666668,8.467916,0.07562613169352339
2025-04-29,8.560520833333333,8.536716,0.023804372151692732
2025-04-30,8.5865625,8.588013,-0.0014501953125005684
2025-05-01,8.615416666666667,8.595809,0.019607683817545407
2025-05-02,8.64,8.60099,0.03900970458984432
2025-05-03,8.668333333333333,8.626497,0.04183606465657519
2025-05-04,8.684583333333332,8.669789,0.014794019063312902
2025-05-05,8.708229166666667,8.614797,0.09343252817789782
2025-05-06,8.728333333333333,8.636011,0.09232220967610694
2025-05-07,8.752916666666666,8.711096,0.04182085673014235
2025-05-08,8.772291666666666,8.784769,-0.01247739156087313
2025-05-09,8.785104166666667,8.846562,-0.06145821889241532
2025-05-10,8.8153125,8.843673,-0.028360252380371875
2025-05-11,8.840833333333334,8.860904,-0.02007040659586501
2025-05-12,8.857291666666667,8.892133,-0.034841092427571496
2025-05-13,8.858854166666665,8.935088,-0.07623399098714323
2025-05-14,8.866354166666666,8.804704,0.06165045420328674
2025-05-15,8.89,8.796008,0.09399188995361385
2025-05-16,8.907500000000002,8.840298,0.06720230102539304
2025-05-17,8.919270833333334,8.882389,0.0368817647298183
2025-05-18,8.951041666666667,8.929628,0.021413294474283973
2025-05-19,8.974791666666667,8.963038,0.011753222147623532
2025-05-20,8.995833333333334,8.986937,0.008896764119466383
2025-05-21,8.98,9.016137,-0.03613712310790973
2025-05-22,8.986145833333333,8.928829,0.057316640218099124
2025-05-23,9.00625,8.876515,0.1297346115112301
2025-05-24,9.033229166666668,8.922379,0.11085062662760592
2025-05-25,9.055000000000001,8.989687,0.06531303405761868
2025-05-26,9.068125,9.046939,0.021186103820800994
2025-05-27,9.0809375,9.094291,-0.013353233337403125
2025-05-28,9.043125,9.118898,-0.07577339172363295
2025-05-29,8.987708333333334,8.962946,0.024762395222982292
2025-05-30,8.957291666666666,8.9535885,0.0037031809488929923
2025-05-31,8.954791666666667,8.905675,0.049116732279459896
2025-06-01,8.949479166666666,8.915711,0.033767763773600024
2025-06-02,8.943541666666668,8.94539,-0.001848080952960629
2025-06-03,8.942083333333333,8.960443,-0.01835920969645244
2025-06-04,8.941041666666665,8.976247,-0.03520516713460431
2025-06-05,8.938020833333333,8.984813,-0.04679190317789761
2025-06-06,8.8959375,8.9950075,-0.09907001495361278
2025-06-07,8.82375,8.98094,-0.15718986511230426
2025-06-08,8.788333333333332,8.9049425,-0.11660917917887481
2025-06-09,8.768125,8.882646,-0.1145206069946294
2025-06-10,8.7559375,8.85722,-0.10128219604492195
2025-06-11,8.7678125,8.82464,-0.056827774047851776
2025-06-12,8.775520833333333,8.811265,-0.03574415842692069
2025-06-13,8.788958333333333,8.823098,-0.03413984934488923
2025-06-14,8.804687499999998,8.825758,-0.021070480346681464
2025-06-15,8.823333333333332,8.81275,0.010583470662433925
2025-06-16,8.8359375,8.835193,0.0007448196411132812
2025-06-17,8.854999999999999,8.821122,0.033877830505369744
2025-06-18,8.880416666666665,8.828029,0.052387987772622324
2025-06-19,8.915520833333332,8.848519,0.06700150807698435
2025-06-20,8.961875000000001,8.822407,0.1394682312011728
2025-06-21,8.998958333333333,8.889734,0.10922406514485594
2025-06-22,9.027083333333332,8.960492,0.06659119923909351
2025-06-23,9.053541666666666,9.022469,0.031073099772134682
2025-06-24,9.0815625,9.054731,0.02683113098144574
2025-06-25,9.102083333333333,9.07826,0.023822911580403172
2025-06-26,9.121979166666668,9.109474,0.012504984537761388
2025-06-27,9.131666666666668,9.121161,0.010505205790202865
2025-06-28,9.130416666666669,9.148405,-0.017988408406573342
2025-06-29,9.149895833333334,9.153995,-0.004098726908365435
2025-06-30,9.172291666666666,9.146658,0.02563372294108035
2025-07-01,9.194479166666667,9.165191,0.02928846995035883
2025-07-02,9.200208333333334,9.145298,0.054910329182943585
2025-07-03,9.1959375,9.13088,0.0650571441650385
2025-07-04,9.2265625,9.166169,0.060393333435058594
2025-07-05,9.248125,9.204536,0.04358856201171868
2025-07-06,9.260833333333332,9.252885,0.007948468526203456
2025-07-07,9.271458333333332,9.292863,-0.021404558817547326
2025-07-08,9.288125,9.304533,-0.016408004760741335
2025-07-09,9.290520833333336,9.26455,0.025970624287925403
2025-07-10,9.264479166666666,9.258721,0.005757815043130776
2025-07-11,9.271458333333332,9.200856,0.07060212453206205
2025-07-12,9.289583333333333,9.211835,0.07774842580159458
2025-07-13,9.30875,9.243377,0.06537326812744126
2025-07-14,9.327604166666667,9.288251,0.03935324350992886
2025-07-15,9.318333333333332,9.297968,0.020365422566730018
2025-07-16,9.319166666666666,9.286597,0.03256941477457609
2025-07-17,9.33791666666667,9.302945,0.034971529642744414
2025-07-18,9.361145833333332,9.330297,0.030848363240558285
2025-07-19,9.370833333333334,9.303953,0.06688016255696638
2025-07-20,9.3728125,9.285444,0.08736824035644553
2025-07-21,9.393854166666667,9.324119,0.06973555246988994
2025-07-22,9.410833333333334,9.362948,0.047884915669760275
2025-07-23,9.430833333333334,9.389694,0.04113911946614657
2025-07-24,9.446145833333333,9.405208,0.04093819936116461
2025-07-25,9.460729166666669,9.419995,0.04073385874430535
2025-07-26,9.476354166666669,9.436736,0.03961805979411004
2025-07-27,9.473645833333334,9.436794,0.036851552327474835
2025-07-28,9.485625,9.445512,0.04011318206787173
2025-07-29,9.5071875,9.477045,0.030142440795899006
2025-07-30,9.526666666666666,9.503872,0.02279474894205613
2025-07-31,9.534791666666669,9.536059,-0.0012677129109679441
2025-08-01,9.495104166666666,9.548073,-0.05296864827474046
2025-08-02,9.5090625,9.592384,-0.08332183837890561
2025-08-03,9.5275,9.583826,-0.056326065063476705
2025-08-04,9.5475,9.570419,-0.02291931152343807
2025-08-05,9.563333333333334,9.570917,-0.007583796183267211
2025-08-06,9.566145833333334,9.584286,-0.018139902750650805
2025-08-07,9.575,9.599226,-0.024225997924805398
2025-08-08,9.589479166666667,9.605341,-0.015861790974934564
2025-08-09,9.606979166666669,9.619436,-0.012457097371417092
2025-08-10,9.620729166666669,9.641501,-0.02077226003010857
2025-08-11,9.632395833333334,9.663821,-0.031425387064615506
2025-08-12,9.637395833333334,9.67658,-0.039184595743813944
2025-08-13,9.6434375,9.688723,-0.045285110473633594
2025-08-14,9.648020833333334,9.707265,-0.05924406687418582
2025-08-15,9.667708333333332,9.714415,-0.046706263224285394
2025-08-16,9.6796875,9.72057,-0.040882110595703125
2025-08-17,9.69354166666667,9.731704,-0.03816209157307604
2025-08-18,9.7075,9.74855,-0.041050415039062926
2025-08-19,9.61375,9.742968,-0.12921760559082074
2025-08-20,9.5115625,9.605293,-0.09373077392578111
2025-08-21,9.504270833333331,9.568221,-0.06395025889078987
2025-08-22,9.5225,9.532632,-0.010131874084471804
2025-08-23,9.534687500000002,9.514596,0.020091514587404546
2025-08-24,9.541770833333333,9.511391,0.030380147298176396
2025-08-25,9.559791666666667,9.525466,0.03432570139567126
2025-08-26,9.589895833333332,9.548813,0.04108296712239401
2025-08-27,9.618333333333334,9.570687,0.04764603932698641
2025-08-28,9.641145833333336,9.593431,0.0477143605550161
2025-08-29,9.6628125,9.6180725,0.04473999023437436
2025-08-30,9.689166666666669,9.646115,0.04305136362711792
2025-08-31,9.705416666666666,9.682903,0.022513376871744484
2025-09-01,9.718645833333332,9.723253,-0.004607416788738661
2025-09-02,9.72625,9.75109,-0.02484004974365206
2025-09-03,9.734166666666669,9.772079,-0.03791280110676887
2025-09-04,9.746979166666668,9.7911215,-0.044142316182453456
2025-09-05,9.770416666666666,9.81307,-0.042653630574545076
2025-09-06,9.786041666666666,9.825772,-0.03973061879475992
2025-09-07,9.794479166666669,9.792194,0.0022848002115907207
2025-09-08,9.802395833333334,9.774039,0.028356564839681297
2025-09-09,9.8103125,9.793106,0.017206420898437713
2025-09-10,9.802604166666669,9.820091,-0.01748708089192519
2025-09-11,9.810625,9.837972,-0.027346687316894602
2025-09-12,9.828645833333333,9.839807,-0.011160723368327297
2025-09-13,9.843854166666668,9.845053,-0.0011985524495425892
2025-09-14,9.85645833333333,9.855167,0.001290944417315032
2025-09-15,9.866666666666664,9.874911,-0.008244641621910631
2025-09-16,9.793958333333334,9.890968,-0.09700998942057204
2025-09-17,9.620104166666666,9.575572,0.04453215281168532
2025-09-18,9.579895833333332,9.565035,0.01486096700032391
2025-09-19,9.580520833333331,9.568981,0.01153966267903428
2025-09-20,9.587708333333332,9.5635,0.024207928975421567
2025-09-21,9.588854166666666,9.565422,0.02343210856119704
2025-09-22,9.594375,9.574602,0.01977287292480412
2025-09-23,9.605208333333332,9.583849,0.02135938008626148
2025-09-24,9.616041666666666,9.587298,0.028743273417154214
2025-09-25,9.621979166666666,9.59745,0.02452891031900961
2025-09-26,9.628958333333332,9.57753,0.05142842610676901
2025-09-27,9.628854166666668,9.575269,0.05358542124430521
2025-09-28,9.590625,9.492785,0.09783954620361257
2025-09-29,9.565625,9.524213,0.04141216278076243
2025-09-30,9.546458333333334,9.554425,-0.007966906229654569
2025-10-01,9.551875,9.5716305,-0.019755477905272656
2025-10-02,9.559583333333334,9.56952,-0.009936663309732197
2025-10-03,9.5525,9.55813,-0.005630264282226349
2025-10-04,9.553229166666666,9.548003,0.005225969950357623
2025-10-05,9.559791666666667,9.544358,0.015433413187663447
2025-10-06,9.563645833333334,9.552068,0.011578076680502036
2025-10-07,9.566979166666668,9.571928,-0.0049488576253242655
2025-10-08,9.565,9.602304,-0.03730445861816456
2025-10-09,9.583229166666667,9.575564,0.007664782206218135
2025-10-10,9.589895833333332,9.582787,0.00710927327473776
2025-10-11,9.584583333333331,9.597418,-0.012834498087567425
2025-10-12,9.555520833333334,9.598086,-0.04256552378336487
2025-10-13,9.528541666666667,9.560174,-0.0316323216756178
2025-10-14,9.516354166666666,9.543523,-0.027168668111166028
2025-10-15,9.503125,9.52099,-0.017865371704100852
2025-10-16,9.500625,9.50631,-0.005685462951660725
2025-10-17,9.500416666666666,9.518383,-0.017966359456380587
2025-10-18,9.499791666666669,9.528455,-0.02866311391194465
2025-10-19,9.4925,9.524396,-0.031895942687988565
2025-10-20,9.504270833333331,9.516302,-0.012031275431317212
2025-10-21,9.501666666666669,9.519213,-0.01754605611165161
2025-10-22,9.509895833333331,9.5262785,-0.01638266245524278
2025-10-23,9.524791666666667,9.532123,-0.007330945332844507
2025-10-24,9.5390625,9.539185,-0.0001220703125
2025-10-25,9.550729166666668,9.5461,0.004629503885906772
2025-10-26,9.555416666666668,9.551249,0.004168116251628717
2025-10-27,9.561875,9.566841,-0.0049661254882806816
2025-10-28,9.5665625,9.588848,-0.022285614013672017
2025-10-29,9.570729166666668,9.606239,-0.035510152180988186
2025-10-30,9.5328125,9.597557,-0.0647445678710934
2025-10-31,9.554583333333332,9.503651,0.05093266805012853
2025-11-01,9.576666666666666,9.484921,0.09174521128336544
2025-11-02,9.58875,9.499686,0.08906375885009687
2025-11-03,9.571458333333334,9.531893,0.039565556844076255
2025-11-04,9.591979166666668,9.523286,0.06869330088297687
2025-11-05,9.583541666666669,9.545521,0.03802088419596572
2025-11-06,9.608125,9.5742235,0.03390148162841733
2025-11-07,9.600833333333332,9.5988245,0.002008832295734564
2025-11-08,9.6090625,9.631745,-0.022682838439941122
2025-11-09,9.61125,9.644795,-0.03354541778564446
2025-11-10,9.6209375,9.623566,-0.002628173828124858
2025-11-11,9.640625,9.636452,0.00417327880859375
2025-11-12,9.6415625,9.662591,-0.02102848052978601
2025-11-13,9.659270833333332,9.677435,-0.018164087931316075
2025-11-14,9.664583333333333,9.680428,-0.01584421793619839
2025-11-15,9.6546875,9.679331,-0.024643325805664418
2025-11-16,9.6659375,9.680844,-0.01490680694580071
2025-11-17,9.6975,9.684133,0.013367424011230256
2025-11-18,9.70875,9.699132,0.009618034362793182
2025-11-19,9.703854166666666,9.699073,0.00478132883707616
2025-11-20,9.715104166666666,9.692804,0.022299830118814867
2025-11-21,9.718020833333334,9.704586,0.013434804280599622
2025-11-22,9.708541666666669,9.722988,-0.01444646199544053
2025-11-23,9.721354166666668,9.700652,0.020702044169109257
2025-11-24,9.7359375,9.719734,0.016203308105469105
2025-11-25,9.738020833333334,9.741664,-0.0036430994669593986
2025-11-26,9.713854166666666,9.762798,-0.048944142659506085
2025-11-27,9.718125,9.736381,-0.018255577087401775
2025-11-28,9.7253125,9.740018,-0.01470539093017642
2025-11-29,9.734166666666669,9.751022,-0.016855672200518867
2025-11-30,9.715520833333334,9.74445,-0.02892878214518113
2025-12-01,9.715833333333334,9.719209,-0.0033753840128571966
2025-12-02,9.669270833333334,9.7180195,-0.04874865214029889
2025-12-03,9.625416666666666,9.640173,-0.01475629170735715
2025-12-04,9.586666666666666,9.630868,-0.04420129140218165
2025-12-05,9.554479166666669,9.61709,-0.06261105855305793
2025-12-06,9.534270833333332,9.577008,-0.04273741404215592
2025-12-07,9.520625,9.550879,-0.030253524780272656
2025-12-08,9.507395833333334,9.5338335,-0.02643767038981082
2025-12-09,9.492083333333332,9.51703,-0.024946428934734755
2025-12-10,9.465729166666668,9.514918,-0.04918916066487533
2025-12-11,9.477708333333334,9.5179205,-0.040212160746255776
2025-12-12,9.4803125,9.512132,-0.031819190979003764
2025-12-13,9.471979166666667,9.501816,-0.029836629231770218
2025-12-14,9.473229166666668,9.491825,-0.018595937093097703
2025-12-15,9.483541666666667,9.495531,-0.011989415486652888
2025-12-16,9.480104166666669,9.5048,-0.02469567616780388
2025-12-17,9.481145833333334,9.503057,-0.021910692850747537
2025-12-18,9.488229166666668,9.506194,-0.017964948018390103
2025-12-19,9.447395833333331,9.501918,-0.05452200571696153
2025-12-20,9.445,9.464618,-0.019617729187011435
2025-12-21,9.430729166666667,9.464717,-0.03398774464925047
2025-12-22,9.428333333333333,9.4652,-0.03686709086100315
2025-12-23,9.404895833333333,9.462351,-0.057455012003581274
2025-12-24,9.408125,9.445961,-0.03783599853515618
2025-12-25,9.396041666666669,9.437044,-0.04100247701008897
2025-12-26,9.390729166666668,9.440791,-0.05006196339924962
2025-12-27,9.392291666666669,9.446105,-0.05381333669026489
2025-12-28,9.386041666666667,9.448465,-0.06242368062337178
2025-12-29,9.374375,9.442344,-0.06796871185302678
2025-12-30,9.393854166666667,9.441116,-0.04726216634114522
2025-12-31,9.39318181818182,9.4646435,-0.07146166021173528
