Date,MLR_Pred
2022-05-14,11.21230881598782
2022-05-15,11.199514493304573
2022-05-16,11.277626033259159
2022-05-17,11.315839533486615
2022-05-18,11.391867146760916
2022-05-19,11.470885943499411
2022-05-20,11.536994702250542
2022-05-21,11.615554253887993
2022-05-22,11.664676531379408
2022-05-23,11.748210558741661
2022-05-24,11.787044885971484
2022-05-25,11.718714108748841
2022-05-26,11.6319649805625
2022-05-27,11.560643537531398
2022-05-28,11.464138452505104
2022-05-29,11.419092687961157
2022-05-30,11.47855523860192
2022-05-31,11.615860582153669
2022-06-01,11.720485609834249
2022-06-02,11.705436727157457
2022-06-03,11.755581443481239
2022-06-04,11.82170756418267
2022-06-05,11.839785172026726
2022-06-06,11.8205085196967
2022-06-07,11.886553205162011
2022-06-08,11.932197279961407
2022-06-09,11.887613766430324
2022-06-10,11.85324680442452
2022-06-11,11.886222775132897
2022-06-12,11.907924078376258
2022-06-13,11.925693499518369
2022-06-14,12.007888069651722
2022-06-15,12.069940315046454
2022-06-16,12.139237718694378
2022-06-17,12.184727451690543
2022-06-18,12.11902140668202
2022-06-19,12.103902740744273
2022-06-20,12.211420111995501
2022-06-21,12.297989766283013
2022-06-22,12.386831269307814
2022-06-23,12.537077438490527
2022-06-24,12.631157914920909
2022-06-25,12.66259490439591
2022-06-26,12.618195350850682
2022-06-27,12.556558066247806
2022-06-28,12.485485327820204
2022-06-29,12.448932593776211
2022-06-30,12.461300141096597
2022-07-01,12.464674461152597
2022-07-02,12.46643334451112
2022-07-03,12.488239368729305
2022-07-04,12.538584705786453
2022-07-05,12.58564951749946
2022-07-06,12.600799488015323
2022-07-07,12.61696009904779
2022-07-08,12.66151346852406
2022-07-09,12.694880371435547
2022-07-10,12.658103473796874
2022-07-11,12.579140018163534
2022-07-12,12.52099530812663
2022-07-13,12.480305643491553
2022-07-14,12.51505876091897
2022-07-15,12.56211312326594
2022-07-16,12.612129842897179
2022-07-17,12.622967589157568
2022-07-18,12.586130723270418
2022-07-19,12.540781402265365
2022-07-20,12.510546715895545
2022-07-21,12.467174602680199
2022-07-22,12.429954183185195
2022-07-23,12.438858071347907
2022-07-24,12.450586258927904
2022-07-25,12.467244240508577
2022-07-26,12.490277811015913
2022-07-27,12.519005294233995
2022-07-28,12.484410783398484
2022-07-29,12.461353718369526
2022-07-30,12.451119656025208
2022-07-31,12.45443866505459
2022-08-01,12.470530827407977
2022-08-02,12.44445097143285
2022-08-03,12.427448172517808
2022-08-04,12.434394713608764
2022-08-05,12.447172342303023
2022-08-06,12.463799757178583
2022-08-07,12.514568432083117
2022-08-08,12.554591463223902
2022-08-09,12.574684964809586
2022-08-10,12.602670907722182
2022-08-11,12.618612890834557
2022-08-12,12.596540587739963
2022-08-13,12.605483328497003
2022-08-14,12.643704850244182
2022-08-15,12.656742660062084
2022-08-16,12.634715060882336
2022-08-17,12.641154888328085
2022-08-18,12.651492506020432
2022-08-19,12.676263950562916
2022-08-20,12.735608108559436
2022-08-21,12.759775596625776
2022-08-22,12.753620375263113
2022-08-23,12.712979058976725
2022-08-24,12.694659250776926
2022-08-25,12.712799537127086
2022-08-26,12.740160964745272
2022-08-27,12.755104637045129
2022-08-28,12.797889769692993
2022-08-29,12.845550763062834
2022-08-30,12.850844515241432
2022-08-31,12.829434632638806
2022-09-01,12.834558211845525
2022-09-02,12.86650328985767
2022-09-03,12.916003513056713
2022-09-04,12.96560385159222
2022-09-05,13.001279612193425
2022-09-06,13.004763569064089
2022-09-07,12.969413303643538
2022-09-08,12.93443966958803
2022-09-09,12.883508843921598
2022-09-10,12.872813966330554
2022-09-11,12.877497835694127
2022-09-12,12.84185082855317
2022-09-13,12.744837707875053
2022-09-14,12.69498257133525
2022-09-15,12.689207875606485
2022-09-16,12.678880360100774
2022-09-17,12.677449561333049
2022-09-18,12.706383299010156
2022-09-19,12.719599062204045
2022-09-20,12.723893606051252
2022-09-21,12.732653672042783
2022-09-22,12.754596025285188
2022-09-23,12.758970506630988
2022-09-24,12.823890385606866
2022-09-25,12.864522730915143
2022-09-26,12.869971003975634
2022-09-27,12.865927173900413
2022-09-28,12.876070373545817
2022-09-29,12.93875626047197
2022-09-30,12.96369385002549
2022-10-01,12.862009125156396
2022-10-02,12.638126814005119
2022-10-03,12.668057348853884
2022-10-04,12.608566149846107
2022-10-05,12.513250967586416
2022-10-06,12.46278375547828
2022-10-07,12.502093218403282
2022-10-08,12.504136135080238
2022-10-09,12.544977585377813
2022-10-10,12.616685133907174
2022-10-11,12.662929896548645
2022-10-12,12.705983936612686
2022-10-13,12.699688042697842
2022-10-14,12.6495857056809
2022-10-15,12.636920599726224
2022-10-16,12.654828776828136
2022-10-17,12.626048381927713
2022-10-18,12.51973475619615
2022-10-19,12.452980882355423
2022-10-20,12.461530451470647
2022-10-21,12.472535893008528
2022-10-22,12.466532163308774
2022-10-23,12.456363114928994
2022-10-24,12.394105848903767
2022-10-25,12.340716979773582
2022-10-26,12.31659104275195
2022-10-27,12.25922941397365
2022-10-28,12.284302645380405
2022-10-29,12.313894721973618
2022-10-30,12.306559456053064
2022-10-31,12.291772517593417
2022-11-01,12.29064312031844
2022-11-02,12.271570078269608
2022-11-03,12.282380504535645
2022-11-04,12.252094637279974
2022-11-05,12.231660798547527
2022-11-06,12.214110176015462
2022-11-07,12.211548834114872
2022-11-08,12.221309480413808
2022-11-09,12.229433267764433
2022-11-10,12.212080229709358
2022-11-11,12.16834002229737
2022-11-12,12.078749816499613
2022-11-13,12.03092271470635
2022-11-14,12.068874582270537
2022-11-15,12.10857519793352
2022-11-16,12.067007658807558
2022-11-17,11.994679106138562
2022-11-18,12.007626644233621
2022-11-19,12.044330668493668
2022-11-20,12.046800384726648
2022-11-21,12.056266881878274
2022-11-22,12.109869385067675
2022-11-23,12.105754241370391
2022-11-24,12.102756724144625
2022-11-25,12.109401664056502
2022-11-26,12.056090448581642
2022-11-27,12.077412797542058
2022-11-28,12.025196123667367
2022-11-29,12.007178927403455
2022-11-30,12.045113506773985
2022-12-01,11.997971083799497
2022-12-02,12.076244461266091
2022-12-03,12.110273874540663
2022-12-04,12.068272586427293
2022-12-05,12.058983683065534
2022-12-06,12.050160826521243
2022-12-07,12.042769702819262
2022-12-08,12.027978209333243
2022-12-09,12.021881790556362
2022-12-10,12.010278881223854
2022-12-11,11.99683373885737
2022-12-12,11.939697774146138
2022-12-13,11.914441904019004
2022-12-14,11.917899968292273
2022-12-15,11.864472642766115
2022-12-16,11.745821948573967
2022-12-17,11.641275227054162
2022-12-18,11.646649261341242
2022-12-19,11.676369784697734
2022-12-20,11.719478380443311
2022-12-21,11.732641827450378
2022-12-22,11.731182489430344
2022-12-23,11.638628687861642
2022-12-24,11.545227137273624
2022-12-25,11.655261727116217
2022-12-26,11.6902518818085
2022-12-27,11.741210000106312
2022-12-28,11.76598523786484
2022-12-29,11.823401149418599
2022-12-30,11.86364813187419
2022-12-31,11.85007448554903
2023-01-01,11.75536681757355
2023-01-02,11.710763730013982
2023-01-03,11.743431355981388
2023-01-04,11.716992571938825
2023-01-05,11.678546194761577
2023-01-06,11.653117376492752
2023-01-07,11.64905620475394
2023-01-08,11.646571990375932
2023-01-09,11.629337025537557
2023-01-10,11.508800850664388
2023-01-11,11.493065481938824
2023-01-12,11.476245714036061
2023-01-13,11.41328850424631
2023-01-14,11.341093330475394
2023-01-15,11.337790508401582
2023-01-16,11.344786613514776
2023-01-17,11.298336167740116
2023-01-18,11.251679507205484
2023-01-19,11.282621520975571
2023-01-20,11.27186859191824
2023-01-21,11.254580485051676
2023-01-22,11.305028823570474
2023-01-23,11.250974750305557
2023-01-24,11.180936208580764
2023-01-25,11.254406083825865
2023-01-26,11.204560448072495
2023-01-27,11.107353697977137
2023-01-28,11.18779111998155
2023-01-29,11.23643534283479
2023-01-30,11.234230372457874
2023-01-31,11.184526768992011
2023-02-01,11.189928873567798
2023-02-02,11.175614290865013
2023-02-03,11.16374570272599
2023-02-04,11.154504652653387
2023-02-05,11.27361126101131
2023-02-06,11.245878705809659
2023-02-07,11.198260110927077
2023-02-08,11.223093569288794
2023-02-09,11.195462126119383
2023-02-10,11.174662417284857
2023-02-11,11.158972181759792
2023-02-12,11.203526805312519
2023-02-13,11.106698262489656
2023-02-14,11.026674169021131
2023-02-15,11.088261589326798
2023-02-16,11.095038378006366
2023-02-17,11.084088097163585
2023-02-18,11.044500293549367
2023-02-19,11.143650127034348
2023-02-20,11.146103810790406
2023-02-21,11.07261314155951
2023-02-22,11.04246178289401
2023-02-23,11.077017713007404
2023-02-24,11.069097359595014
2023-02-25,11.09720454094324
2023-02-26,11.111561018744226
2023-02-27,11.041437774826694
2023-02-28,11.009047315485855
2023-03-01,10.938924431526768
2023-03-02,10.969962566656212
2023-03-03,10.910298868188024
2023-03-04,10.90445872040347
2023-03-05,10.853460470620428
2023-03-06,10.934492674661179
2023-03-07,10.925191984102215
2023-03-08,10.892803293922706
2023-03-09,10.938593488480366
2023-03-10,10.935210521175485
2023-03-11,10.891078165244847
2023-03-12,10.881421284738355
2023-03-13,10.914225833126906
2023-03-14,10.843246880437023
2023-03-15,10.854784161145849
2023-03-16,10.942498187899577
2023-03-17,10.966863262064663
2023-03-18,10.917871937064273
2023-03-19,10.921215947243851
2023-03-20,10.991548738726125
2023-03-21,11.06496386158553
2023-03-22,11.107022956654264
2023-03-23,11.123906201874828
2023-03-24,11.10453912512404
2023-03-25,11.112297709418145
2023-03-26,11.103584599273008
2023-03-27,11.121425680666269
2023-03-28,11.117888485947736
2023-03-29,11.10845791529843
2023-03-30,11.094539992254168
2023-03-31,11.11881146899416
2023-04-01,11.122269220595202
2023-04-02,11.050856760490584
2023-04-03,11.102938252446434
2023-04-04,11.13482231578719
2023-04-05,11.1330910084897
2023-04-06,11.169537521797386
2023-04-07,11.179923195400413
2023-04-08,11.225956879386406
2023-04-09,11.243766570533673
2023-04-10,11.247157599598765
2023-04-11,11.270332330155693
2023-04-12,11.277157603289922
2023-04-13,11.26897696494402
2023-04-14,11.278754049662885
2023-04-15,11.28676180855415
2023-04-16,11.296127854293822
2023-04-17,11.296731319905065
2023-04-18,11.26539096013081
2023-04-19,11.28748099998779
2023-04-20,11.322073314130055
2023-04-21,11.34003943422155
2023-04-22,11.323379880970787
2023-04-23,11.282529418571341
2023-04-24,11.220426731226347
2023-04-25,11.257898772717645
2023-04-26,11.281587001683878
2023-04-27,11.275855975315594
2023-04-28,11.2549694997298
2023-04-29,11.19503003105903
2023-04-30,11.12392216915621
2023-05-01,11.021641911769276
2023-05-02,10.954121072688233
2023-05-03,10.967771001492865
2023-05-04,10.959797963437804
2023-05-05,11.030824555484
2023-05-06,11.079344647182166
2023-05-07,11.1134371190713
2023-05-08,11.105981366978318
2023-05-09,11.07733842547242
2023-05-10,11.097597892766974
2023-05-11,11.14760935884343
2023-05-12,11.176037553251152
2023-05-13,11.18166657536465
2023-05-14,11.188393647760716
2023-05-15,11.19025837260289
2023-05-16,11.213412076092485
2023-05-17,11.179102999110574
2023-05-18,11.117239529824785
2023-05-19,11.190163408648859
2023-05-20,11.220459644256
2023-05-21,11.203882867268915
2023-05-22,11.239145180098381
2023-05-23,11.294111002905959
2023-05-24,11.321245624393061
2023-05-25,11.292144629360601
2023-05-26,11.319576679292291
2023-05-27,11.35684874840215
2023-05-28,11.381089814613059
2023-05-29,11.379855514407616
2023-05-30,11.364542773476536
2023-05-31,11.353417519707106
2023-06-01,11.345354075452413
2023-06-02,11.341689401273761
2023-06-03,11.320877313396073
2023-06-04,11.31355083242702
2023-06-05,11.314577433247582
2023-06-06,11.328369586891853
2023-06-07,11.324504503457604
2023-06-08,11.319069910270015
2023-06-09,11.332555681234128
2023-06-10,11.367466418709427
2023-06-11,11.420648302458364
2023-06-12,11.465015895970968
2023-06-13,11.450999191365318
2023-06-14,11.460761867591373
2023-06-15,11.475069537684782
2023-06-16,11.502999975158465
2023-06-17,11.508166917096194
2023-06-18,11.510313307485601
2023-06-19,11.570144650482103
2023-06-20,11.607221607037653
2023-06-21,11.58301044193979
2023-06-22,11.457417483563306
2023-06-23,11.417058069553864
2023-06-24,11.379363640448906
2023-06-25,11.333339165681089
2023-06-26,11.349629789478119
2023-06-27,11.346537577105433
2023-06-28,11.292996526138847
2023-06-29,11.268293598200543
2023-06-30,11.321854723681447
2023-07-01,11.345199456724789
2023-07-02,11.361010432123274
2023-07-03,11.373361002618418
2023-07-04,11.432688284675852
2023-07-05,11.481767060719333
2023-07-06,11.528409090474428
2023-07-07,11.558326400755789
2023-07-08,11.582831360528896
2023-07-09,11.60144763575555
2023-07-10,11.51039378627097
2023-07-11,11.440098647036713
2023-07-12,11.46068436166648
2023-07-13,11.474656089482737
2023-07-14,11.461819788485405
2023-07-15,11.477445657587252
2023-07-16,11.48188365278443
2023-07-17,11.446900955149538
2023-07-18,11.433090353922346
2023-07-19,11.430068834850394
2023-07-20,11.430347464675311
2023-07-21,11.402250409543399
2023-07-22,11.376773654215844
2023-07-23,11.406329034185255
2023-07-24,11.441088706887525
2023-07-25,11.454354309345232
2023-07-26,11.46312834942979
2023-07-27,11.454576953220986
2023-07-28,11.4774193492157
2023-07-29,11.521417023907448
2023-07-30,11.535213535710017
2023-07-31,11.561373792153805
2023-08-01,11.60427161276173
2023-08-02,11.648403606922294
2023-08-03,11.709089061007683
2023-08-04,11.721906849685315
2023-08-05,11.693156892204755
2023-08-06,11.673035336370317
2023-08-07,11.723053421904208
2023-08-08,11.734508877030807
2023-08-09,11.745150854060899
2023-08-10,11.803710109501166
2023-08-11,11.906904772840695
2023-08-12,11.967104198039795
2023-08-13,12.011548742321676
2023-08-14,12.035854511303368
2023-08-15,12.041493869379423
2023-08-16,12.025390238610578
2023-08-17,12.054538090533056
2023-08-18,12.058986064639216
2023-08-19,12.053784166994443
2023-08-20,12.11756967102139
2023-08-21,12.167039321011993
2023-08-22,12.170984219741396
2023-08-23,12.164739264144565
2023-08-24,12.186371453515767
2023-08-25,12.188340629753252
2023-08-26,12.163301525067162
2023-08-27,12.145598990929656
2023-08-28,12.134715819611705
2023-08-29,12.095086277415104
2023-08-30,12.02939710639244
2023-08-31,11.996955038582783
2023-09-01,11.945189134842812
2023-09-02,11.95554830701855
2023-09-03,11.942895255401837
2023-09-04,11.932820539283897
2023-09-05,11.94401613916473
2023-09-06,11.959808634060083
2023-09-07,11.958824763713405
2023-09-08,11.936359500598003
2023-09-09,11.943296246223522
2023-09-10,11.940437654187438
2023-09-11,11.904781218799334
2023-09-12,11.870329295077251
2023-09-13,11.856764700331633
2023-09-14,11.846489223483061
2023-09-15,11.848181050452478
2023-09-16,11.83823927459265
2023-09-17,11.85930857328599
2023-09-18,11.864161431365549
2023-09-19,11.842532019835582
2023-09-20,11.871310703092139
2023-09-21,11.899319266029261
2023-09-22,11.902785159250266
2023-09-23,11.827314957271284
2023-09-24,11.60346700828088
2023-09-25,11.625956176642902
2023-09-26,11.634422029987434
2023-09-27,11.614135585608256
2023-09-28,11.567951676034678
2023-09-29,11.567820701919493
2023-09-30,11.575261609484587
2023-10-01,11.56295420812788
2023-10-02,11.538499855137438
2023-10-03,11.517356118979869
2023-10-04,11.519246079660633
2023-10-05,11.542716146695367
2023-10-06,11.544518751714378
2023-10-07,11.502595045375669
2023-10-08,11.452229961423619
2023-10-09,11.461590254235462
2023-10-10,11.483681737940858
2023-10-11,11.489443454939087
2023-10-12,11.4838434375678
2023-10-13,11.480857679831518
2023-10-14,11.455344004901498
2023-10-15,11.351303055613009
2023-10-16,11.21529764108303
2023-10-17,11.239153725169665
2023-10-18,11.271022973804643
2023-10-19,11.303101223585426
2023-10-20,11.300888193789595
2023-10-21,11.241405267703188
2023-10-22,11.203171475455461
2023-10-23,11.272352590068415
2023-10-24,11.369951396504831
2023-10-25,11.398489947761668
2023-10-26,11.410313548041334
2023-10-27,11.429353502878682
2023-10-28,11.43514176838195
2023-10-29,11.426742792699793
2023-10-30,11.424340450348163
2023-10-31,11.395292290246264
2023-11-01,11.410203288292172
2023-11-02,11.39913352010961
2023-11-03,11.46821604563817
2023-11-04,11.477962350185859
2023-11-05,11.442831822690865
2023-11-06,11.40242055640354
2023-11-07,11.38446884205896
2023-11-08,11.341610498087645
2023-11-09,11.363419460434923
2023-11-10,11.339392875031951
2023-11-11,11.37637810331401
2023-11-12,11.432135048039504
2023-11-13,11.44550961835123
2023-11-14,11.426289441192802
2023-11-15,11.427909578581588
2023-11-16,11.43699130092825
2023-11-17,11.409570699181897
2023-11-18,11.37120375139258
2023-11-19,11.307774075360642
2023-11-20,11.324296178346863
2023-11-21,11.349353789274847
2023-11-22,11.286687871565622
2023-11-23,11.108772071304433
2023-11-24,11.125032170337047
2023-11-25,11.155184178910263
2023-11-26,11.159232739365628
2023-11-27,11.085554738043374
2023-11-28,11.03939568022274
2023-11-29,11.08519202422185
2023-11-30,11.131357480841052
2023-12-01,11.139633998654858
2023-12-02,11.129688172324983
2023-12-03,11.104955341981224
2023-12-04,11.043418640504894
2023-12-05,11.028738630469746
2023-12-06,11.057036912062332
2023-12-07,11.03509422797321
2023-12-08,11.045660801612396
2023-12-09,11.045530503476789
2023-12-10,11.03583188401282
2023-12-11,10.957214427546495
2023-12-12,10.877174245753153
2023-12-13,10.966958462431613
2023-12-14,10.998963182706447
2023-12-15,11.0296252142787
2023-12-16,11.019069762266911
2023-12-17,11.012529880679061
2023-12-18,10.925844242530223
2023-12-19,10.712880529788372
2023-12-20,10.988012562675953
2023-12-21,11.105962809920818
2023-12-22,11.115672247608803
2023-12-23,11.069636385511844
2023-12-24,11.03287725015552
2023-12-25,10.977987271085608
2023-12-26,10.926905775470605
2023-12-27,10.859004763776294
2023-12-28,10.743509472174672
2023-12-29,10.664404721886621
2023-12-30,10.62966077297997
2023-12-31,10.627793168098298
2024-01-01,10.682128519930133
2024-01-02,10.6775459721962
2024-01-03,10.683683165418083
2024-01-04,10.67159115860504
2024-01-05,10.656300922972658
2024-01-06,10.683618692174205
2024-01-07,10.567916078315193
2024-01-08,10.490778349902092
2024-01-09,10.546311820117756
2024-01-10,10.413523115887957
2024-01-11,10.255642281511332
2024-01-12,10.327428589472088
2024-01-13,10.31611476630442
2024-01-14,10.188937459732294
2024-01-15,10.269774112559148
2024-01-16,10.30853711195251
2024-01-17,10.215029476696072
2024-01-18,10.244832971558651
2024-01-19,10.272903184962862
2024-01-20,10.20909899992756
2024-01-21,10.241843175823279
2024-01-22,10.306746645577563
2024-01-23,10.334755939014428
2024-01-24,10.370625438864995
2024-01-25,10.390225666171863
2024-01-26,10.356859495355623
2024-01-27,10.325448965334314
2024-01-28,10.31995474866157
2024-01-29,10.217504568426305
2024-01-30,10.222240361381775
2024-01-31,10.249208332262555
2024-02-01,10.191931470642238
2024-02-02,10.167414427495856
2024-02-03,10.132808112990508
2024-02-04,10.124053025344663
2024-02-05,10.089012025310732
2024-02-06,10.046639181609716
2024-02-07,10.041128345457341
2024-02-08,10.055288588832045
2024-02-09,10.064481558488598
2024-02-10,10.03834629924493
2024-02-11,9.993537228551572
2024-02-12,9.923745131196503
2024-02-13,9.855211708837828
2024-02-14,9.792085254553069
2024-02-15,9.879100475540929
2024-02-16,9.902416439593031
2024-02-17,9.887825528072828
2024-02-18,9.872863223904455
2024-02-19,9.902903658250438
2024-02-20,9.969386456505628
2024-02-21,9.998224296924445
2024-02-22,9.975454472932716
2024-02-23,9.911872982136742
2024-02-24,9.836352986739692
2024-02-25,9.853308828639424
2024-02-26,9.925230878133135
2024-02-27,9.939640560319921
2024-02-28,9.944275801400648
2024-02-29,9.928400607455707
2024-03-01,10.044156356156495
2024-03-02,10.09222936382038
2024-03-03,9.958891559916797
2024-03-04,9.94848848867111
2024-03-05,9.94883791917039
2024-03-06,9.83434318130666
2024-03-07,9.762203823095268
2024-03-08,9.714713553311586
2024-03-09,9.76237242898633
2024-03-10,9.663229258645933
2024-03-11,9.604350870218795
2024-03-12,9.694186856812722
2024-03-13,9.737816005956132
2024-03-14,9.725909742576174
2024-03-15,9.726241585390273
2024-03-16,9.717589244330108
2024-03-17,9.722571866143863
2024-03-18,9.694501170962232
2024-03-19,9.707889477136092
2024-03-20,9.750562518139136
2024-03-21,9.74982278694734
2024-03-22,9.821159442740605
2024-03-23,9.844557343292225
2024-03-24,9.700820199156682
2024-03-25,9.736782564806832
2024-03-26,9.741581289398383
2024-03-27,9.684860381347278
2024-03-28,9.624739007133043
2024-03-29,9.451784038898998
2024-03-30,9.411481441104282
2024-03-31,9.418986021511632
2024-04-01,9.440381158051661
2024-04-02,9.423089002926881
2024-04-03,9.40488963417128
2024-04-04,9.36421606283624
2024-04-05,9.358450783201311
2024-04-06,9.420202353734028
2024-04-07,9.483286673217908
2024-04-08,9.521302136505836
2024-04-09,9.559752771836974
2024-04-10,9.573925209728005
2024-04-11,9.589311957688212
2024-04-12,9.554743985263684
2024-04-13,9.50010064555561
2024-04-14,9.575666838397304
2024-04-15,9.638788606431284
2024-04-16,9.64879512993011
2024-04-17,9.70229692668772
2024-04-18,9.714252152099277
2024-04-19,9.715796038347852
2024-04-20,9.71027512700174
2024-04-21,9.704064778210505
2024-04-22,9.706537878884744
2024-04-23,9.716622115876982
2024-04-24,9.732673571086107
2024-04-25,9.705847411430016
2024-04-26,9.734388561742575
2024-04-27,9.769915187144676
2024-04-28,9.807944976976644
2024-04-29,9.7947772223573
2024-04-30,9.782305722316968
2024-05-01,9.772041501115238
2024-05-02,9.780435970050227
2024-05-03,9.794573445804584
2024-05-04,9.815421618685605
2024-05-05,9.832431573845993
2024-05-06,9.837184404842802
2024-05-07,9.81938517751229
2024-05-08,9.743410049197099
2024-05-09,9.734674458541994
2024-05-10,9.733527624261221
2024-05-11,9.714344127322653
2024-05-12,9.738616048090362
2024-05-13,9.77233783563663
2024-05-14,9.82716211407106
2024-05-15,9.833448475578958
2024-05-16,9.712394979725858
2024-05-17,9.740800459297342
2024-05-18,9.821222030215749
2024-05-19,9.922443470153334
2024-05-20,9.92810388410512
2024-05-21,9.921310720479951
2024-05-22,9.905393994642923
2024-05-23,9.900986970363357
2024-05-24,9.904066755920674
2024-05-25,9.920322327265088
2024-05-26,9.95918815663143
2024-05-27,10.011831737966094
2024-05-28,10.052419153746133
2024-05-29,10.095483273985916
2024-05-30,10.154479663188583
2024-05-31,10.193700813622806
2024-06-01,10.234946928605238
2024-06-02,10.279791015581386
2024-06-03,10.29415300787212
2024-06-04,10.304059780666938
2024-06-05,10.329079401752008
2024-06-06,10.337725328695711
2024-06-07,10.32989540306131
2024-06-08,10.350974864189984
2024-06-09,10.401938605823176
2024-06-10,10.421648094462508
2024-06-11,10.459467985316202
2024-06-12,10.519685193077088
2024-06-13,10.587241248707135
2024-06-14,10.638784830603806
2024-06-15,10.679692302773258
2024-06-16,10.74052254752021
2024-06-17,10.825869158145306
2024-06-18,10.880372807252076
2024-06-19,10.952557113226405
2024-06-20,11.027449379362698
2024-06-21,11.091359252192909
2024-06-22,11.146995575571498
2024-06-23,11.18822778525871
2024-06-24,11.209104390699455
2024-06-25,11.240356848793235
2024-06-26,11.293791864355926
2024-06-27,11.292750478331003
2024-06-28,11.315563350728247
2024-06-29,11.378221846015602
2024-06-30,11.390265544500224
2024-07-01,11.3593079664073
2024-07-02,11.295082514575432
2024-07-03,11.344652466557262
2024-07-04,11.370775847113677
2024-07-05,11.387943439181871
2024-07-06,11.415571982180165
2024-07-07,11.486917103838813
2024-07-08,11.592197293707171
2024-07-09,11.673894725531497
2024-07-10,11.734737885853736
2024-07-11,11.764443237158591
2024-07-12,11.805539848110984
2024-07-13,11.721085863390933
2024-07-14,11.664379482617289
2024-07-15,11.639732686799256
2024-07-16,11.608214468368026
2024-07-17,11.602386463313712
2024-07-18,11.632212777194663
2024-07-19,11.659165344987699
2024-07-20,11.670483665487394
2024-07-21,11.639422267481018
2024-07-22,11.551749903839372
2024-07-23,11.46376063604949
2024-07-24,11.401192255390733
2024-07-25,11.400083045622427
2024-07-26,11.384427538084722
2024-07-27,11.364439031946887
2024-07-28,11.357808840053547
2024-07-29,11.35948714781023
2024-07-30,11.354154045391992
2024-07-31,11.363859947947846
2024-08-01,11.357002766312345
2024-08-02,11.379247177374715
2024-08-03,11.387427494906397
2024-08-04,11.417166238857195
2024-08-05,11.46052881698844
2024-08-06,11.496571884100554
2024-08-07,11.483199149722374
2024-08-08,11.46825067918188
2024-08-09,11.407842979394056
2024-08-10,11.400778025443657
2024-08-11,11.425316300436409
2024-08-12,11.414817918402031
2024-08-13,11.388963099627395
2024-08-14,11.392056032106904
2024-08-15,11.388154939825474
2024-08-16,11.406223880529232
2024-08-17,11.42137700943702
2024-08-18,11.403888434352556
2024-08-19,11.355935737437513
2024-08-20,11.301039711016493
2024-08-21,11.23519366940566
2024-08-22,11.232331124023021
2024-08-23,11.21923007385821
2024-08-24,11.208750871928462
2024-08-25,11.180011381430068
2024-08-26,11.154383784191072
2024-08-27,11.123772348475578
2024-08-28,11.093414514451013
2024-08-29,11.065503236645911
2024-08-30,11.084697051181545
2024-08-31,11.072798759776312
2024-09-01,11.052414535457562
2024-09-02,11.014656612815177
2024-09-03,10.963346804421997
2024-09-04,10.985366188719588
2024-09-05,10.983609745373968
2024-09-06,10.96355743340434
2024-09-07,10.907182209052081
2024-09-08,10.859157642379856
2024-09-09,10.86648886156551
2024-09-10,10.875655464480033
2024-09-11,10.861417324627366
2024-09-12,10.851333136079152
2024-09-13,10.843056282595851
2024-09-14,10.837437850690469
2024-09-15,10.832667955328391
2024-09-16,10.83471422711712
2024-09-17,10.765578350028642
2024-09-18,10.664927629568776
2024-09-19,10.512890764305086
2024-09-20,10.462395003457978
2024-09-21,10.429214905199599
2024-09-22,10.390249278461548
2024-09-23,10.341256045282341
2024-09-24,10.331823400761833
2024-09-25,10.310558586575683
2024-09-26,10.278354951660226
2024-09-27,10.23327516074881
2024-09-28,10.170569579529353
2024-09-29,10.095667520235232
2024-09-30,10.081117253347053
2024-10-01,10.055829363100852
2024-10-02,10.026365349147198
2024-10-03,10.01043788401556
2024-10-04,10.03809163250401
2024-10-05,10.062171949255754
2024-10-06,10.056360269304559
2024-10-07,10.06249784769235
2024-10-08,10.05577714491661
2024-10-09,10.081481508454061
2024-10-10,10.10420184802197
2024-10-11,10.124960883957568
2024-10-12,10.153134381565645
2024-10-13,10.174438955532956
2024-10-14,10.174299745730385
2024-10-15,10.171964037818338
2024-10-16,10.21266860923937
2024-10-17,10.246147844082156
2024-10-18,10.27385846071882
2024-10-19,10.305129046269988
2024-10-20,10.32682889027836
2024-10-21,10.324727624519749
2024-10-22,10.323355001122383
2024-10-23,10.3245974375479
2024-10-24,10.298940885644614
2024-10-25,10.288080084604367
2024-10-26,10.344414474089305
2024-10-27,10.363409150776599
2024-10-28,10.39376914290899
2024-10-29,10.39735282984423
2024-10-30,10.4018579338525
2024-10-31,10.40387468115034
2024-11-01,10.410594913509886
2024-11-02,10.419330488638403
2024-11-03,10.44369717304288
2024-11-04,10.43539597229506
2024-11-05,10.417730835471374
2024-11-06,10.399319923285166
2024-11-07,10.401668526253957
2024-11-08,10.422873654225011
2024-11-09,10.40824983713266
2024-11-10,10.458010280427688
2024-11-11,10.459205929789299
2024-11-12,10.37596571972872
2024-11-13,10.39495240525911
2024-11-14,10.413105531436022
2024-11-15,10.312706953957841
2024-11-16,10.161015012407574
2024-11-17,10.163062009377272
2024-11-18,10.18225478562642
2024-11-19,10.151294134643102
2024-11-20,10.121874355908767
2024-11-21,10.07335086209248
2024-11-22,10.036594532744662
2024-11-23,10.026114737954593
2024-11-24,10.071126415874298
2024-11-25,10.135305034359847
2024-11-26,10.189345300257003
2024-11-27,10.199500909206543
2024-11-28,10.214154183262114
2024-11-29,10.163113930357724
2024-11-30,10.219221419665447
2024-12-01,10.272592310151259
2024-12-02,10.300096585322994
2024-12-03,10.328329813665222
2024-12-04,10.35528883912698
2024-12-05,10.345029865228126
2024-12-06,10.312145936735618
2024-12-07,10.381193477941387
2024-12-08,10.38304517566779
2024-12-09,10.354393358444286
2024-12-10,10.359454854057052
2024-12-11,10.32262256278992
2024-12-12,10.18924979760746
2024-12-13,10.249561182087984
2024-12-14,10.339213178928933
2024-12-15,10.366603857374562
2024-12-16,10.335372487212352
2024-12-17,10.272669688064125
2024-12-18,10.266611516356864
2024-12-19,10.251746204536976
2024-12-20,10.246639269678468
2024-12-21,10.17933212383116
2024-12-22,10.177670982658706
2024-12-23,10.227137589771488
2024-12-24,10.250931261629294
2024-12-25,10.215671718533667
2024-12-26,10.229676993226409
2024-12-27,10.241060416652546
2024-12-28,10.229183133265296
2024-12-29,10.215509686072439
2024-12-30,10.18621565757779
2024-12-31,10.143625307566845
2025-01-01,10.13729855803508
2025-01-02,10.140245410475194
2025-01-03,10.236030473140325
2025-01-04,10.259966585722381
2025-01-05,10.300326061118284
2025-01-06,10.307997178528643
2025-01-07,10.186212670934303
2025-01-08,10.187458373651287
2025-01-09,10.216994046391667
2025-01-10,10.217817604384061
2025-01-11,10.209844021707093
2025-01-12,10.103485497743339
2025-01-13,10.166246560346266
2025-01-14,10.152519828758185
2025-01-15,10.15250458233974
2025-01-16,10.187716127794316
2025-01-17,10.140092140314696
2025-01-18,10.140245855739963
2025-01-19,10.092635995266876
2025-01-20,10.047945094311496
2025-01-21,10.132477325429917
2025-01-22,10.178730936957056
2025-01-23,10.150514651432173
2025-01-24,10.114224585651957
2025-01-25,10.102200435985576
2025-01-26,10.13544847867584
2025-01-27,10.154198963455357
2025-01-28,10.157758123201566
2025-01-29,10.151307178267025
2025-01-30,10.172765473787782
2025-01-31,10.243066628902389
2025-02-01,10.16630827280176
2025-02-02,10.114147267422066
2025-02-03,10.143018318120781
2025-02-04,10.082716977451952
2025-02-05,10.052552360367399
2025-02-06,10.08089878800365
2025-02-07,9.99717514721041
2025-02-08,9.983606198328927
2025-02-09,9.999093455200606
2025-02-10,9.956398543899041
2025-02-11,9.981092068516666
2025-02-12,9.928212572098296
2025-02-13,9.753830099510472
2025-02-14,9.655954076333167
2025-02-15,9.735814559343105
2025-02-16,9.682534414126547
2025-02-17,9.458669014111331
2025-02-18,9.551300557322834
2025-02-19,9.626365054116903
2025-02-20,9.640094980904001
2025-02-21,9.5388449234049
2025-02-22,9.58520601209605
2025-02-23,9.586726064940645
2025-02-24,9.536376486591935
2025-02-25,9.509228837657595
2025-02-26,9.464542138594192
2025-02-27,9.48575390010109
2025-02-28,9.474121711312115
2025-03-01,9.479814186457247
2025-03-02,9.457186299927008
2025-03-03,9.524917780302616
2025-03-04,9.534248506098587
2025-03-05,9.515327652120494
2025-03-06,9.38873465770013
2025-03-07,9.269130197922916
2025-03-08,9.36710376287209
2025-03-09,9.383044111651486
2025-03-10,9.436673668420019
2025-03-11,9.425726080057613
2025-03-12,9.383509099799417
2025-03-13,9.38905349712039
2025-03-14,9.406662530410689
2025-03-15,9.430696365350537
2025-03-16,9.414595538279809
2025-03-17,9.380062405284523
2025-03-18,9.281590079983442
2025-03-19,9.31070218520065
2025-03-20,9.318433992541582
2025-03-21,9.311111686545281
2025-03-22,9.318636622231331
2025-03-23,9.366442108605293
2025-03-24,9.442190096769483
2025-03-25,9.410744307140178
2025-03-26,9.426643234492428
2025-03-27,9.468869748802101
2025-03-28,9.531770609339107
2025-03-29,9.564555154806525
2025-03-30,9.597857933334168
2025-03-31,9.60254656343905
2025-04-01,9.56927142819865
2025-04-02,9.596065292180509
2025-04-03,9.699877478114988
2025-04-04,9.707791783434457
2025-04-05,9.754282631717986
2025-04-06,9.751094260926546
2025-04-07,9.690698582140218
2025-04-08,9.636238095261954
2025-04-09,9.571087802437281
2025-04-10,9.660728560321783
2025-04-11,9.650982838174851
2025-04-12,9.549894512050484
2025-04-13,9.491823552915617
2025-04-14,9.52165690246143
2025-04-15,9.509245939808432
2025-04-16,9.472377947128203
2025-04-17,9.534672698672486
2025-04-18,9.610818796904647
2025-04-19,9.648442455326133
2025-04-20,9.692916681413678
2025-04-21,9.768342325796164
2025-04-22,9.791104963719798
2025-04-23,9.811677739595167
2025-04-24,9.87818585474515
2025-04-25,9.92259557164229
2025-04-26,9.934102788389561
2025-04-27,9.93184056279467
2025-04-28,9.980416178785692
2025-04-29,10.040570269341783
2025-04-30,10.042752283726053
2025-05-01,10.04045065104418
2025-05-02,10.075068733945733
2025-05-03,10.108434648519001
2025-05-04,10.134241980435592
2025-05-05,10.095660402384489
2025-05-06,10.06263814865185
2025-05-07,10.062199759803393
2025-05-08,10.057938147932237
2025-05-09,10.056458313737203
2025-05-10,10.026633598170289
2025-05-11,10.087566914814248
2025-05-12,10.154163719599243
2025-05-13,10.120651901156245
2025-05-14,10.03723070562963
2025-05-15,9.958797736277628
2025-05-16,9.955116857694492
2025-05-17,9.955422570790443
2025-05-18,9.957182538443494
2025-05-19,9.990931581775605
2025-05-20,10.063050408325106
2025-05-21,10.067614220512061
2025-05-22,9.995708070884245
2025-05-23,9.931513111633492
2025-05-24,9.970438505247174
2025-05-25,10.03636354168514
2025-05-26,10.090665488027149
2025-05-27,10.132681503063466
2025-05-28,10.19250163369548
2025-05-29,10.104869482227949
2025-05-30,10.032471982378336
2025-05-31,9.975410816031468
2025-06-01,9.954811306956701
2025-06-02,10.018772569308855
2025-06-03,10.050206433849493
2025-06-04,10.107082053804916
2025-06-05,10.156329395925969
2025-06-06,10.17900262359297
2025-06-07,10.15545885722114
2025-06-08,10.156951296495757
2025-06-09,10.160010465443776
2025-06-10,10.176779270293876
2025-06-11,10.230526915856164
2025-06-12,10.350470469305801
2025-06-13,10.452400430611016
2025-06-14,10.525649323910066
2025-06-15,10.550644612203687
2025-06-16,10.565417774970747
2025-06-17,10.566812049940287
2025-06-18,10.578920823345836
2025-06-19,10.603307064969092
2025-06-20,10.650516076767849
2025-06-21,10.699749788637101
2025-06-22,10.767320743323202
2025-06-23,10.807775637424774
2025-06-24,10.844562287618611
2025-06-25,10.869658752380161
2025-06-26,10.912319903556698
2025-06-27,10.953857665747636
2025-06-28,11.00585206294145
2025-06-29,11.03253520478678
2025-06-30,11.016751765485019
2025-07-01,11.01037010314199
2025-07-02,11.010509024961472
2025-07-03,11.044285728641901
2025-07-04,11.072826999460457
2025-07-05,11.133376656838669
2025-07-06,11.1966357346262
2025-07-07,11.209378098386217
2025-07-08,11.220871501523781
2025-07-09,11.263811539515912
2025-07-10,11.278582967729047
2025-07-11,11.27782137296898
2025-07-12,11.261356042079472
2025-07-13,11.26825605191071
2025-07-14,11.254749805690352
2025-07-15,11.240068096220408
2025-07-16,11.237831676085918
2025-07-17,11.260037337016614
2025-07-18,11.288205557663872
2025-07-19,11.340816336189611
2025-07-20,11.358635267155655
2025-07-21,11.351640806057397
2025-07-22,11.370191784537136
2025-07-23,11.400096434270464
2025-07-24,11.45491356058434
2025-07-25,11.503088196399172
2025-07-26,11.533743448167352
2025-07-27,11.579763714813332
2025-07-28,11.600768678611853
2025-07-29,11.607447715242023
2025-07-30,11.619660504656625
2025-07-31,11.638157703219903
2025-08-01,11.645739257116702
2025-08-02,11.608577317525926
2025-08-03,11.639908474824196
2025-08-04,11.660734705334534
2025-08-05,11.690269237712696
2025-08-06,11.719375799628994
2025-08-07,11.726804143307147
2025-08-08,11.672361552110488
2025-08-09,11.628568634879018
2025-08-10,11.605237289341
2025-08-11,11.586348428578274
2025-08-12,11.565187016576617
2025-08-13,11.536942381199001
2025-08-14,11.505614259843572
2025-08-15,11.501927718117887
2025-08-16,11.536237050560535
2025-08-17,11.55297884798222
2025-08-18,11.535443951204547
2025-08-19,11.483062135144177
2025-08-20,11.368435892381866
2025-08-21,11.31138414438623
2025-08-22,11.223365556538418
2025-08-23,11.200880875280511
2025-08-24,11.184923492941081
2025-08-25,11.138016973711217
2025-08-26,11.11646337689
2025-08-27,11.134931202536162
2025-08-28,11.167459983382042
2025-08-29,11.199591723537633
2025-08-30,11.199745543849213
2025-08-31,11.26758299278228
2025-09-01,11.304969560880778
2025-09-02,11.324743017391361
2025-09-03,11.298702758850597
2025-09-04,11.283558603158445
2025-09-05,11.28819891807173
2025-09-06,11.317637143562603
2025-09-07,11.314995133776886
2025-09-08,11.337424110129456
2025-09-09,11.299077961223045
2025-09-10,11.266183446900742
2025-09-11,11.224655696087787
2025-09-12,11.216768168510859
2025-09-13,11.20661604649034
2025-09-14,11.180771286154128
2025-09-15,11.149341626972785
2025-09-16,11.082711752955102
2025-09-17,10.931198458164847
2025-09-18,10.741084026274587
2025-09-19,10.745760081028433
2025-09-20,10.747229886818074
2025-09-21,10.742391682594498
2025-09-22,10.718120697796904
2025-09-23,10.753463701719461
2025-09-24,10.737033651328806
2025-09-25,10.731157698874087
2025-09-26,10.729438407422206
2025-09-27,10.723658985465386
2025-09-28,10.650101725937244
2025-09-29,10.575259915695696
2025-09-30,10.584252982261829
2025-10-01,10.530851082491056
2025-10-02,10.482864240619309
2025-10-03,10.492255127158137
2025-10-04,10.514845565383855
2025-10-05,10.530378618279393
2025-10-06,10.554168271549885
2025-10-07,10.533394282399145
2025-10-08,10.51088387056685
2025-10-09,10.50121106748925
2025-10-10,10.528855613627561
2025-10-11,10.50547285322627
2025-10-12,10.433966712769038
2025-10-13,10.293359187895819
2025-10-14,10.237744149751297
2025-10-15,10.219767891117927
2025-10-16,10.210382094568839
2025-10-17,10.196762451013043
2025-10-18,10.208109841533727
2025-10-19,10.20668414853038
2025-10-20,10.19753013805471
2025-10-21,10.213422962674127
2025-10-22,10.226366560992023
2025-10-23,10.23101739505992
2025-10-24,10.279077080131518
2025-10-25,10.345393939473636
2025-10-26,10.411767856708826
2025-10-27,10.412564977726475
2025-10-28,10.368041895393482
2025-10-29,10.263352775851248
2025-10-30,10.20615086674659
2025-10-31,10.049184186128024
2025-11-01,10.09822985835353
2025-11-02,10.228733161091391
2025-11-03,10.285346663853657
2025-11-04,10.218605286866316
2025-11-05,10.257947798443654
2025-11-06,10.276907785127866
2025-11-07,10.315776472489238
2025-11-08,10.329030057337981
2025-11-09,10.2914081010657
2025-11-10,10.289221624392964
2025-11-11,10.27161821162907
2025-11-12,10.336856914365168
2025-11-13,10.394369964135441
2025-11-14,10.44037647473744
2025-11-15,10.45651600590771
2025-11-16,10.450406938420647
2025-11-17,10.417515766835804
2025-11-18,10.459526119568807
2025-11-19,10.474064048534746
2025-11-20,10.438461845668318
2025-11-21,10.42796762779312
2025-11-22,10.449015923551034
2025-11-23,10.419112414025356
2025-11-24,10.397348003982016
2025-11-25,10.41012308687717
2025-11-26,10.39872667597275
2025-11-27,10.36856247730855
2025-11-28,10.400063959370181
2025-11-29,10.448081269390872
2025-11-30,10.509619874947164
2025-12-01,10.448693154405966
2025-12-02,10.414709259956009
2025-12-03,10.276966176668719
2025-12-04,10.256120622851062
2025-12-05,10.26477698717973
2025-12-06,10.225757609598922
2025-12-07,10.203682372145696
2025-12-08,10.227129085088917
2025-12-09,10.23823000313478
2025-12-10,10.217355891284505
2025-12-11,10.107570779597028
2025-12-12,10.12399160466043
2025-12-13,10.183678015801613
2025-12-14,10.20167727101732
2025-12-15,10.178534430815064
2025-12-16,10.229858764019124
2025-12-17,10.207452631503106
2025-12-18,10.212991314340984
2025-12-19,10.235383002124783
2025-12-20,10.14388688146117
2025-12-21,10.238346662874548
2025-12-22,10.244164031401878
2025-12-23,10.281806217297538
2025-12-24,10.22021461661584
2025-12-25,10.22621681166299
2025-12-26,10.217611035167268
2025-12-27,10.187335178106059
2025-12-28,10.129262772294066
2025-12-29,10.116036348441593
2025-12-30,10.018713950509255
2025-12-31,10.07742711935567
